<application>
  <component name="com.intellij.ide.ui.customization.CustomActionsSchema">
    <group value="main.toolbar.Project" is_action="true" action_type="-1" position="1">
      <path value="root" />
      <path value="Main Toolbar" />
      <path value="Left" />
    </group>
    <group value="Tools_External Tools" is_group="true" forse_popup="false" action_type="-1" position="0">
      <path value="root" />
      <path value="Main Menu" />
      <path value="Tools" />
      <path value="External Tools" />
    </group>
    <group value="Tools_External Tools" is_group="true" forse_popup="false" action_type="-1" position="0">
      <path value="root" />
      <path value="Editor Popup Menu" />
      <path value="Editor Popup Menu Actions (2)" />
      <path value="External Tools" />
    </group>
    <group value="Tools_External Tools" is_group="true" forse_popup="false" action_type="-1" position="0">
      <path value="root" />
      <path value="Editor Tab Popup Menu" />
      <path value="Editor Tab Popup Menu Actions (1)" />
      <path value="External Tools" />
    </group>
    <group value="Tools_External Tools" is_group="true" forse_popup="false" action_type="-1" position="0">
      <path value="root" />
      <path value="Project View Popup Menu" />
      <path value="External Tools" />
    </group>
    <group value="Tools_External Tools" is_group="true" forse_popup="false" action_type="-1" position="0">
      <path value="root" />
      <path value="Scope View Popup Menu" />
      <path value="Project View Popup Menu" />
      <path value="External Tools" />
    </group>
    <group value="Tools_External Tools" is_group="true" forse_popup="false" action_type="-1" position="0">
      <path value="root" />
      <path value="Navigation Bar Popup Menu" />
      <path value="External Tools" />
    </group>
    <group value="Tools_External Tools" is_group="true" forse_popup="false" action_type="-1" position="0">
      <path value="root" />
      <path value="Solution View Popup Menu" />
      <path value="Tools" />
      <path value="Project View Popup Menu" />
      <path value="External Tools" />
    </group>
    <group value="Tools_External Tools" is_group="true" forse_popup="true" action_type="1" position="0">
      <path value="root" />
      <path value="Main Menu" />
      <path value="Tools" />
      <path value="External Tools" />
    </group>
    <group value="Tools_External Tools" is_group="true" forse_popup="true" action_type="1" position="0">
      <path value="root" />
      <path value="Editor Popup Menu" />
      <path value="Editor Popup Menu Actions (2)" />
      <path value="External Tools" />
    </group>
    <group value="Tools_External Tools" is_group="true" forse_popup="true" action_type="1" position="0">
      <path value="root" />
      <path value="Editor Tab Popup Menu" />
      <path value="Editor Tab Popup Menu Actions (1)" />
      <path value="External Tools" />
    </group>
    <group value="Tools_External Tools" is_group="true" forse_popup="true" action_type="1" position="0">
      <path value="root" />
      <path value="Project View Popup Menu" />
      <path value="External Tools" />
    </group>
    <group value="Tools_External Tools" is_group="true" forse_popup="true" action_type="1" position="0">
      <path value="root" />
      <path value="Scope View Popup Menu" />
      <path value="Project View Popup Menu" />
      <path value="External Tools" />
    </group>
    <group value="Tools_External Tools" is_group="true" forse_popup="true" action_type="1" position="0">
      <path value="root" />
      <path value="Navigation Bar Popup Menu" />
      <path value="External Tools" />
    </group>
    <group value="Tools_External Tools" is_group="true" forse_popup="true" action_type="1" position="0">
      <path value="root" />
      <path value="Solution View Popup Menu" />
      <path value="Tools" />
      <path value="Project View Popup Menu" />
      <path value="External Tools" />
    </group>
    <group value="Vcs.UpdateProject" is_action="true" action_type="1" position="1">
      <path value="root" />
      <path value="Main Toolbar" />
      <path value="Left" />
      <path value="VCS Group" />
    </group>
    <group value="Annotate" is_action="true" action_type="1" position="2">
      <path value="root" />
      <path value="Main Toolbar" />
      <path value="Left" />
      <path value="Navigation" />
    </group>
    <group seperator="true" action_type="1" position="2">
      <path value="root" />
      <path value="Main Toolbar" />
      <path value="Center" />
    </group>
    <group value="ShowLiveRunConfigurations" is_action="true" action_type="1" position="3">
      <path value="root" />
      <path value="Main Toolbar" />
    </group>
    <group value="HideAllWindows" is_action="true" action_type="1" position="3">
      <path value="root" />
      <path value="Main Toolbar" />
      <path value="Center" />
    </group>
    <group value="Tools_External Tools" is_group="true" forse_popup="true" action_type="1" position="4">
      <path value="root" />
      <path value="Main Toolbar" />
      <path value="Center" />
    </group>
    <group seperator="true" action_type="1" position="5">
      <path value="root" />
      <path value="Main Toolbar" />
      <path value="Center" />
    </group>
    <group value="ChooseDebugConfiguration" is_action="true" action_type="1" position="6">
      <path value="root" />
      <path value="Main Toolbar" />
      <path value="Center" />
    </group>
    <action id="Tool_External Tools_ADMS ⚡ UI - Push Feature" icon="addQuickAction.Git.Push" />
    <action id="Tool_External Tools_ADMS ⚡ Merger" icon="Git.MainMenu.MergeActions" />
    <action id="Git.Pull" icon="addQuickAction.Synchronize" />
    <action id="Switcher" icon="jar:file:/C:/Developer/tools/JetBrains.Rider-2023.2.win/lib/app.jar!/expui/toolbar/unknown.svg" />
    <action id="Tool_External Tools_ADMS ⚡ API - develop" icon="ActivateCommitToolWindow" />
    <action id="Tools_External Tools" icon="jar:file:/C:/Program%20Files%20(x86)/JetBrains/Installations/Rider232/lib/app-client.jar!/expui/toolbar/unknown.svg" />
    <action id="Tool_External Tools_ADMS ⚡ API - develop-sprint" icon="ActivateCommitToolWindow" />
    <action id="ToggleFullScreen" icon="jar:file:/C:/Developer/tools/JetBrains.Rider-2023.2.win/lib/app.jar!/expui/toolbar/unknown.svg" />
    <action id="ShowLiveRunConfigurations" icon="jar:file:/C:/Developer/tools/JetBrains.Rider-2023.2.win/lib/app.jar!/expui/toolbar/unknown.svg" />
    <action id="Tool_External Tools_ADMS ⚡ UI - develop" icon="ActivateCommitToolWindow" />
    <action id="HideAllWindows" icon="Images.Editor.FitZoomToWindow" />
    <action id="Annotate" icon="InspectThis" />
    <action id="Tool_External Tools_ADMS ⚡ API - Push Feature" icon="addQuickAction.Git.Push" />
    <action id="Tool_External Tools_ADMS ⚡ Push Feature" icon="Vcs.Push" />
    <action id="Tool_External Tools_ADMS ⚡ Ui - Check" icon="Console.Transaction.Commit" />
    <action id="Tool_External Tools_ADMS ⚡ develop-sprint" icon="hg4idea.pull" />
    <action id="Tool_External Tools_ADMS ⚡ UI - develop-sprint" icon="ActivateCommitToolWindow" />
    <action id="Tool_External Tools_ADMS ⚡ code coverage" icon="Console.TableResult.Copy.Csv.Settings.ForExport" />
    <action id="Vcs.QuickListPopupAction" icon="jar:file:/C:/Developer/tools/JetBrains.Rider-2023.3.2.win/lib/app-client.jar!/expui/toolbar/unknown.svg" />
    <action id="Tool_External Tools_ADMS ⚡ develop" icon="hg4idea.pull" />
    <action id="ContextDebug" icon="jar:file:/C:/Developer/tools/JetBrains.Rider-2023.2.win/lib/app.jar!/expui/toolbar/unknown.svg" />
    <action id="VcsGlobalGroup" icon="jar:file:/C:/Developer/tools/JetBrains.Rider-2023.2.win/lib/app.jar!/expui/toolbar/unknown.svg" />
  </component>
</application>