<application>
  <component name="LocalDatabaseDriverManager" version="201">
    <driver id="mongo">
      <artifact id="MongoDB" name="MongoDB" use="true" version="1.18" />
    </driver>
    <driver id="sqlserver.ms">
      <artifact id="SQL Server" name="SQL Server" use="true" version="12.2.0" />
      <property name="integratedSecurity" value="true" />
    </driver>
    <driver id="sqlserver.jtds">
      <artifact id="jTDS (SQL Server and Sybase)" name="jTDS (SQL Server and Sybase)" channel="fixed" rolling="false" use="true" version="1.3.1" />
    </driver>
    <driver id="java.sql.Driver" name="User Driver" driver-class="java.sql.Driver" />
  </component>
</application>