<application>
  <component name="dataSourceStorage" format="xml" multifile-model="true">
    <data-source source="LOCAL" name="DEV" uuid="a454026e-34a4-45d1-bd13-94a94c1b0331">
      <driver-ref>sqlserver.ms</driver-ref>
      <synchronize>true</synchronize>
      <jdbc-driver>com.microsoft.sqlserver.jdbc.SQLServerDriver</jdbc-driver>
      <jdbc-url>jdbc:sqlserver://SKSQL01D</jdbc-url>
      <jdbc-additional-properties>
        <property name="com.intellij.clouds.kubernetes.db.host.port" />
        <property name="com.intellij.clouds.kubernetes.db.enabled" value="false" />
        <property name="com.intellij.clouds.kubernetes.db.resource.type" value="Deployment" />
        <property name="com.intellij.clouds.kubernetes.db.container.port" />
      </jdbc-additional-properties>
      <working-dir>$ProjectFileDir$</working-dir>
    </data-source>
    <data-source source="LOCAL" name="TEST" uuid="8a1e6781-131e-41ab-8538-6adcf049e116">
      <driver-ref>sqlserver.jb</driver-ref>
      <synchronize>true</synchronize>
      <jdbc-driver>com.jetbrains.jdbc.sqlserver.SqlServerDriver</jdbc-driver>
      <jdbc-url>Server=SKSQL01T</jdbc-url>
      <jdbc-additional-properties>
        <property name="com.intellij.clouds.kubernetes.db.host.port" />
        <property name="com.intellij.clouds.kubernetes.db.enabled" value="false" />
        <property name="com.intellij.clouds.kubernetes.db.resource.type" value="Deployment" />
        <property name="com.intellij.clouds.kubernetes.db.container.port" />
      </jdbc-additional-properties>
      <working-dir>$ProjectFileDir$</working-dir>
    </data-source>
    <data-source source="LOCAL" name="PROD" uuid="19ec9df5-854e-44c0-bb34-eb271bf6e4df">
      <driver-ref>sqlserver.ms</driver-ref>
      <synchronize>true</synchronize>
      <jdbc-driver>com.microsoft.sqlserver.jdbc.SQLServerDriver</jdbc-driver>
      <jdbc-url>jdbc:sqlserver://AG1EDU_ADMS.application.enet:14331</jdbc-url>
      <jdbc-additional-properties>
        <property name="com.intellij.clouds.kubernetes.db.host.port" />
        <property name="com.intellij.clouds.kubernetes.db.enabled" value="false" />
        <property name="com.intellij.clouds.kubernetes.db.resource.type" value="Deployment" />
        <property name="com.intellij.clouds.kubernetes.db.container.port" />
      </jdbc-additional-properties>
      <working-dir>$ProjectFileDir$</working-dir>
    </data-source>
    <data-source source="LOCAL" name="DEV [2]" uuid="8742eae4-a1ea-4726-95f3-5c41983260e2">
      <driver-ref>sqlserver.ms</driver-ref>
      <synchronize>true</synchronize>
      <jdbc-driver>com.microsoft.sqlserver.jdbc.SQLServerDriver</jdbc-driver>
      <jdbc-url>jdbc:sqlserver://SKSQL01D2:14331</jdbc-url>
      <jdbc-additional-properties>
        <property name="com.intellij.clouds.kubernetes.db.host.port" />
        <property name="com.intellij.clouds.kubernetes.db.enabled" value="false" />
        <property name="com.intellij.clouds.kubernetes.db.container.port" />
      </jdbc-additional-properties>
      <working-dir>$ProjectFileDir$</working-dir>
    </data-source>
    <data-source source="LOCAL" name="TEST [2]" uuid="fd13afd6-78c3-4d9b-a31e-e2dbe2726889">
      <driver-ref>sqlserver.jb</driver-ref>
      <synchronize>true</synchronize>
      <jdbc-driver>com.jetbrains.jdbc.sqlserver.SqlServerDriver</jdbc-driver>
      <jdbc-url>Server=SKSQL01T2</jdbc-url>
      <jdbc-additional-properties>
        <property name="com.intellij.clouds.kubernetes.db.host.port" />
        <property name="com.intellij.clouds.kubernetes.db.enabled" value="false" />
        <property name="com.intellij.clouds.kubernetes.db.resource.type" value="Deployment" />
        <property name="com.intellij.clouds.kubernetes.db.container.port" />
      </jdbc-additional-properties>
      <working-dir>$ProjectFileDir$</working-dir>
    </data-source>
    <data-source source="LOCAL" name="T1" single-connection="true" uuid="35c31697-c964-408e-97d7-140098b4412e">
      <driver-ref>sqlserver.jb</driver-ref>
      <synchronize>true</synchronize>
      <jdbc-driver>com.jetbrains.jdbc.sqlserver.SqlServerDriver</jdbc-driver>
      <jdbc-url>Server=SKSQL01T1.dev.construction.enet</jdbc-url>
      <jdbc-additional-properties>
        <property name="com.intellij.clouds.kubernetes.db.host.port" />
        <property name="com.intellij.clouds.kubernetes.db.enabled" value="false" />
        <property name="com.intellij.clouds.kubernetes.db.resource.type" value="Deployment" />
        <property name="com.intellij.clouds.kubernetes.db.container.port" />
      </jdbc-additional-properties>
      <working-dir>$ProjectFileDir$</working-dir>
    </data-source>
    <data-source source="LOCAL" name="Heims Dev" uuid="2e85dfe6-30ed-4c5b-8847-8e23c8b92f54">
      <driver-ref>sqlserver.jb</driver-ref>
      <synchronize>true</synchronize>
      <jdbc-driver>com.jetbrains.jdbc.sqlserver.SqlServerDriver</jdbc-driver>
      <jdbc-url>Server=AG3EDU_HEIMS01.dev.construction.enet,14331</jdbc-url>
      <working-dir>$ProjectFileDir$</working-dir>
    </data-source>
    <data-source source="LOCAL" name="DEV [3]" uuid="fca61123-2f14-459d-8f6e-bafa2ffe4045">
      <driver-ref>sqlserver.ms</driver-ref>
      <synchronize>true</synchronize>
      <jdbc-driver>com.microsoft.sqlserver.jdbc.SQLServerDriver</jdbc-driver>
      <jdbc-url>jdbc:sqlserver://SKSQL01D3</jdbc-url>
      <working-dir>$ProjectFileDir$</working-dir>
    </data-source>
    <data-source source="LOCAL" name="Heims Prod" uuid="4702eff1-c59c-456b-9377-562eb328127f">
      <driver-ref>sqlserver.jb</driver-ref>
      <synchronize>true</synchronize>
      <jdbc-driver>com.jetbrains.jdbc.sqlserver.SqlServerDriver</jdbc-driver>
      <jdbc-url>Server=AG1EDU_HEIMS01.application.enet\SQL01,14331</jdbc-url>
      <working-dir>$ProjectFileDir$</working-dir>
    </data-source>
    <data-source source="LOCAL" name="Pprod" uuid="b28db6fc-787e-4fee-9e68-794e9aded829">
      <driver-ref>sqlserver.jb</driver-ref>
      <synchronize>true</synchronize>
      <jdbc-driver>com.jetbrains.jdbc.sqlserver.SqlServerDriver</jdbc-driver>
      <jdbc-url>Server=AG2EDU_ADMS.pprod.construction.enet,14331</jdbc-url>
      <working-dir>$ProjectFileDir$</working-dir>
    </data-source>
  </component>
</application>