<application>
  <component name="CodeFoldingSettings">
    <option name="COLLAPSE_DOC_COMMENTS" value="true" />
  </component>
  <component name="CodeInsightSettings">
    <option name="completionCaseSensitive" value="2" />
    <option name="selectAutopopupSuggestionsByChars" value="true" />
    <option name="AUTO_POPUP_JAVADOC_INFO" value="true" />
    <option name="JAVADOC_INFO_DELAY" value="100" />
    <option name="COMPLETION_CASE_SENSITIVE" value="2" />
    <option name="SELECT_AUTOPOPUP_SUGGESTIONS_BY_CHARS" value="true" />
    <option name="AUTOCOMPLETE_ON_CODE_COMPLETION" value="false" />
    <option name="INSERT_BRACE_ON_ENTER" value="false" />
    <option name="HIGHLIGHT_SCOPE" value="true" />
  </component>
  <component name="CodeVisionSettings">
    <option name="visibleMetricsAboveDeclarationCount" value="6" />
    <option name="visibleMetricsNextToDeclarationCount" value="6" />
  </component>
  <component name="DaemonCodeAnalyzerSettings">
    <option name="SHOW_METHOD_SEPARATORS" value="true" />
  </component>
  <component name="EditorSettings">
    <option name="languageBreadcrumbsMap">
      <map>
        <entry key="Asxx" value="true" />
        <entry key="C#" value="true" />
        <entry key="C++" value="true" />
        <entry key="CSS" value="true" />
        <entry key="Config" value="true" />
        <entry key="ECMAScript 6" value="true" />
        <entry key="HTML" value="true" />
        <entry key="JSON" value="true" />
        <entry key="Jade" value="true" />
        <entry key="JavaScript" value="true" />
        <entry key="LESS" value="true" />
        <entry key="MSBuild" value="true" />
        <entry key="Markdown" value="true" />
        <entry key="Resx" value="true" />
        <entry key="RuleSet" value="true" />
        <entry key="SASS" value="true" />
        <entry key="SCSS" value="true" />
        <entry key="SQL" value="true" />
        <entry key="Stylus" value="true" />
        <entry key="TypeScript" value="true" />
        <entry key="VB" value="true" />
        <entry key="Vue" value="true" />
        <entry key="XHTML" value="true" />
        <entry key="XML" value="true" />
        <entry key="yaml" value="true" />
      </map>
    </option>
    <option name="USE_SOFT_WRAPS" value="MAIN_EDITOR:CONSOLE:PREVIEW" />
    <option name="SOFT_WRAP_FILE_MASKS" value="*" />
    <option name="IS_CARET_BLINKING" value="false" />
    <option name="CARET_BLINKING_PERIOD" value="50" />
    <option name="IS_RIGHT_MARGIN_SHOWN" value="false" />
    <option name="LINE_NUMERATION" value="RELATIVE" />
    <option name="SHOW_BREADCRUMBS_ABOVE" value="true" />
    <option name="USE_EDITOR_FONT_IN_INLAYS" value="true" />
    <option name="IS_FULL_LINE_HEIGHT_CURSOR" value="true" />
    <option name="IS_WHITESPACES_SHOWN" value="true" />
    <option name="IS_WHEEL_FONTCHANGE_ENABLED" value="true" />
    <option name="IS_WHEEL_FONTCHANGE_PERSISTENT" value="true" />
    <option name="BIDI_TEXT_DIRECTION" value="LTR" />
  </component>
  <component name="InlineCompletionOnboarding">
    <option name="onboardingFinished" value="true" />
  </component>
  <component name="JSEditorOptions">
    <option name="ESCAPE_PASTED_TEXT" value="false" />
    <option name="ESCAPE_DOC_ON_COPY_PASTE" value="false" />
  </component>
  <component name="JsonEditorOptions">
    <option name="COMMA_ON_ENTER" value="false" />
    <option name="COMMA_ON_MATCHING_BRACES" value="false" />
    <option name="COMMA_ON_PASTE" value="false" />
    <option name="AUTO_QUOTE_PROP_NAME" value="false" />
    <option name="AUTO_WHITESPACE_AFTER_COLON" value="false" />
    <option name="ESCAPE_PASTED_TEXT" value="false" />
  </component>
  <component name="TodoConfiguration">
    <pattern pattern="\bNotImplementedException\b" />
    <pattern case-sensitive="true" pattern="(?&lt;=\W|^)(?&lt;TAG&gt;BUG:)(\W|$)(.*)" />
    <pattern pattern="(?&lt;=\W|^)(?&lt;TAG&gt;TODO)(\W|$)(.*)" />
  </component>
  <component name="XmlEditorOptions">
    <option name="showCssInlineColorPreview" value="true" />
  </component>
  <component name="YamlEditorOptions">
    <option name="useSmartPaste" value="false" />
  </component>
</application>