<application>
  <component name="FileTypeManager" version="19">
    <ignoreFiles list="*.pyc;*.pyo;*.rbc;*.yarb;.DS_Store;.git;.hg;.mypy_cache;.pytest_cache;.ruff_cache;.svn;CVS;__pycache__;_svn;vssver.scc;vssver2.scc" />
    <extensionMap>
      <mapping ext="coverage" type="AUTO_DETECTED" />
      <removed_mapping ext="bash" approved="true" type="Shell Script" />
      <removed_mapping ext="inputactions" approved="true" type="JSON" />
      <removed_mapping ext="pdf" approved="true" type="Native" />
      <removed_mapping ext="sh" approved="true" type="Shell Script" />
      <removed_mapping ext="template" approved="true" type="PLAIN_TEXT" />
      <removed_mapping ext="tps" approved="true" type="XML" />
      <removed_mapping ext="zsh" approved="true" type="Shell Script" />
      <removed_mapping pattern=".prettierrc" approved="true" type="JSON" />
    </extensionMap>
  </component>
</application>