<application>
  <component name="GeneralSettings">
    <option name="autoSaveIfInactive" value="true" />
    <option name="confirmExit" value="false" />
    <option name="confirmOpenNewProject2" value="0" />
    <option name="processCloseConfirmation" value="TERMINATE" />
  </component>
  <component name="Registry">
    <entry key="ide.experimental.ui" value="true" />
    <entry key="debugger.watches.in.variables" value="false" />
    <entry key="i18n.locale" value="" />
    <entry key="terminal.new.ui" value="true" />
  </component>
  <component name="StatusBar">
    <option name="widgets">
      <map>
        <entry key="Memory" value="true" />
        <entry key="PowerSaveMode" value="true" />
        <entry key="RiderMemory" value="true" />
        <entry key="VFS_REFRESH" value="true" />
        <entry key="git" value="true" />
      </map>
    </option>
  </component>
</application>