<application>
  <component name="LafManager">
    <laf themeId="76cc8066-d21c-4e4c-8583-1b3f22e90e8f" />
    <lafs-to-previous-schemes>
      <laf-to-scheme laf="ExperimentalDark" scheme="_@user_Default" />
      <laf-to-scheme laf="RiderDay" scheme="_@user_Gradianto Deep Ocean New" />
      <laf-to-scheme laf="RiderMelonNight" scheme="_@user_Gradianto Midnight Blue" />
      <laf-to-scheme laf="RiderNight" scheme="_@user_Material Forest" />
    </lafs-to-previous-schemes>
  </component>
</application>