<application>
  <component name="ProjectManager">
    <defaultProject>
      <component name="Encoding" addBOMForNewFiles="with BOM under Windows, with no BOM otherwise" />
      <component name="ProjectViewState">
        <option name="autoscrollFromSource" value="true" />
        <option name="autoscrollToSource" value="true" />
        <option name="hideEmptyMiddlePackages" value="true" />
        <option name="openDirectoriesWithSingleClick" value="true" />
        <option name="showLibraryContents" value="true" />
      </component>
      <component name="PropertiesComponent">{
  &quot;keyToString&quot;: {
    &quot;settings.editor.selected.configurable&quot;: &quot;AtomSettingsConfigurable&quot;
  }
}</component>
      <component name="TaskManager">
        <task active="true" id="Default" summary="Default task">
          <created>1681266609867</created>
          <option name="number" value="Default" />
          <option name="presentableId" value="Default" />
          <updated>1681266609867</updated>
        </task>
        <servers />
      </component>
      <component name="WindowStateProjectService">
        <state x="0" y="393" key="SettingsEditor" timestamp="1721609714057">
          <screen x="0" y="0" width="1200" height="1872" />
        </state>
        <state x="0" y="393" key="SettingsEditor/0.0.1200.1872/1200.0.1200.1872" timestamp="1721609714057" />
        <state x="1313" y="326" key="SettingsEditor/0.0.3840.1552" timestamp="1714699513812" />
      </component>
    </defaultProject>
  </component>
</application>