<application>
  <component name="Trusted.Paths">
    <option name="TRUSTED_PROJECT_PATHS">
      <map>
        <entry key="C:\Developer\code" value="true" />
        <entry key="C:\Developer\code\BackgroundProcess.TfnVerification" value="true" />
        <entry key="C:\Developer\code\BackgroundProcess.TfnVerification\.idea\.idea.TfnVerificationBackgroundService" value="true" />
        <entry key="C:\Developer\code\Database.TSLDPS" value="true" />
        <entry key="C:\Developer\code\Database.TSLDPS\.idea\.idea.TSLDPS" value="true" />
        <entry key="C:\Developer\code\Dese.Automation.Adms" value="true" />
        <entry key="C:\Developer\code\TYIMS_ATO\TYIMS_ATO" value="true" />
        <entry key="C:\Developer\code\TYIMS_ATO\TYIMS_ATO\.idea\.idea.TYIMS_ATO" value="true" />
        <entry key="C:\Developer\code\adms-batch-api" value="true" />
        <entry key="C:\Developer\code\adms-batch-api\.idea\.idea.adms-batch-api" value="true" />
        <entry key="C:\Developer\code\adms-shared" value="true" />
        <entry key="C:\Developer\code\adms-shared\.idea\.idea.adms-shared" value="true" />
        <entry key="C:\Developer\code\appr-api" value="true" />
        <entry key="C:\Developer\code\appr-api\.idea\.idea.adms-apprentices-api" value="true" />
        <entry key="C:\Developer\code\apprentice-claims" value="true" />
        <entry key="C:\Developer\code\apprentice-claims\.idea\.idea.adms-apprentice-claims-api" value="true" />
        <entry key="C:\Developer\code\appreship" value="true" />
        <entry key="C:\Developer\code\appreship\.idea\.idea.adms-apprenticeships-api" value="true" />
        <entry key="C:\Developer\code\appreship\Adms.Apprenticeships.Database" value="true" />
        <entry key="C:\Developer\code\appreship\Adms.Apprenticeships.Database\.idea\.idea.Adms.Apprenticeships.Database.dir" value="true" />
        <entry key="C:\Developer\code\bff" value="true" />
        <entry key="C:\Developer\code\bff\.idea\.idea.adms-bff-api-ui" value="true" />
        <entry key="C:\Developer\code\claims" value="true" />
        <entry key="C:\Developer\code\claims\.idea\.idea.adms-claims-api" value="true" />
        <entry key="C:\Developer\code\employer" value="true" />
        <entry key="C:\Developer\code\employer\.idea\.idea.adms-employers-api" value="true" />
        <entry key="C:\Developer\code\internal" value="true" />
        <entry key="C:\Developer\code\internal\.idea\.idea.adms-internal-api" value="true" />
        <entry key="C:\Developer\code\message-handler-hosting" value="true" />
        <entry key="C:\Developer\code\message-handler-hosting\.idea\.idea.Au.Gov.Messaging.Processing.Hosting" value="true" />
        <entry key="C:\Developer\code\notification-api" value="true" />
        <entry key="C:\Developer\code\notification-api\.idea\.idea.adms-notifications-api" value="true" />
        <entry key="C:\Developer\code\payment" value="true" />
        <entry key="C:\Developer\code\payment\.idea\.idea.adms-payments-api" value="true" />
        <entry key="C:\Developer\code\proheng.github.io" value="true" />
        <entry key="C:\Developer\code\ref-data" value="true" />
        <entry key="C:\Developer\code\ref-data\.idea\.idea.adms-reference-data-api" value="true" />
        <entry key="C:\Developer\code\rm404.net" value="true" />
        <entry key="C:\Developer\code\rm404.net\.idea\.idea.rm404.net.dir" value="true" />
        <entry key="C:\Developer\code\rxh" value="true" />
        <entry key="C:\Developer\code\tc" value="true" />
        <entry key="C:\Developer\code\tn-s.com.au" value="true" />
        <entry key="C:\Developer\code\tn-s.com.au\tn-s" value="true" />
        <entry key="C:\Developer\code\tn-s.com.au\tn-s\public" value="true" />
        <entry key="C:\Developer\code\tn-s.com.au\tn-s\public\.idea\.idea.public.dir" value="true" />
        <entry key="C:\Developer\code\tsl" value="true" />
        <entry key="C:\Developer\code\tsl\.idea\.idea.adms-support-loans-api" value="true" />
        <entry key="C:\Developer\code\ui" value="true" />
        <entry key="C:\Developer\code\ui\.idea\.idea.ui.dir" value="true" />
        <entry key="C:\Developer\tools\azure-pipelines-coveragepublisher" value="true" />
      </map>
    </option>
  </component>
  <component name="Trusted.Paths.Settings">
    <option name="TRUSTED_PATHS">
      <list>
        <option value="C:\Developer\code" />
      </list>
    </option>
  </component>
</application>