<application>
  <component name="UISettings">
    <option name="ACTIVATE_MRU_EDITOR_ON_CLOSE" value="true" />
    <option name="COLOR_BLINDNESS" value="deuteranopia" />
    <option name="compactTreeIndents" value="true" />
    <option name="DIFFERENTIATE_PROJECTS" value="false" />
    <option name="EDITOR_TAB_LIMIT" value="30" />
    <option name="EDITOR_TAB_PLACEMENT" value="3" />
    <option name="FULL_PATHS_IN_TITLE_BAR" value="true" />
    <option name="HIDE_TABS_IF_NEED" value="false" />
    <option name="MAX_LOOKUP_WIDTH2" value="1000" />
    <option name="OPEN_TABS_AT_THE_END" value="true" />
    <option name="SHOW_FILE_ICONS_IN_TABS" value="false" />
    <option name="SHOW_PINNED_TABS_IN_A_SEPARATE_ROW" value="true" />
    <option name="SHOW_TOOL_WINDOW_NUMBERS" value="true" />
    <option name="showTreeIndentGuides" value="true" />
    <option name="smoothScrolling" value="false" />
    <option name="UI_DENSITY" value="COMPACT" />
    <option name="CONTRAST_SCROLLBARS" value="true" />
    <option name="WIDESCREEN_SUPPORT" value="true" />
  </component>
</application>