<application>
  <component name="DimensionService">
    <location key="find.popup.0.0.3840.1600" x="1613" y="695" />
    <location key="find.popup.0.-1200.1920.1200" x="672" y="-984" />
    <location key="find.popup.0.0.3840.2400@192dpi" x="1342" y="216" />
    <location key="find.popup.0.0.3840.2400@240dpi" x="808" y="388" />
    <location key="find.popup.1200.-23.1200.1920" x="1376" y="403" />
    <location key="find.popup.0.0.1200.1920" x="324" y="431" />
    <location key="find.popup.-1200.30.1200.1920" x="-754" y="330" />
    <location key="find.popup.-2400.-27.1200.1920" x="-2234" y="677" />
    <location key="find.popup.1200.0.1200.1920" x="1286" y="380" />
    <location key="find.popup.0.0.3841.2401@216dpi" x="713" y="695" />
    <location key="find.popup.-1200.0.1200.1920" x="-775" y="455" />
    <location key="find.popup.2100.-28.3840.2400@168dpi" x="4009" y="530" />
    <location key="find.popup.0.0.3840.1600@120dpi" x="550" y="598" />
    <location key="find.popup.1200.0.1200.1920@120dpi" x="1286" y="380" />
    <location key="find.popup.0.0.1200.1920@120dpi" x="0" y="838" />
    <size key="GridCell.Tab.0.left.0.-1200.1920.1200" width="1287" height="357" />
    <size key="GridCell.Tab.0.center.0.-1200.1920.1200" width="1287" height="357" />
    <size key="GridCell.Tab.0.right.0.-1200.1920.1200" width="1287" height="357" />
    <size key="GridCell.Tab.0.bottom.0.-1200.1920.1200" width="1287" height="357" />
    <size key="GridCell.Tab.1.left.0.-1200.1920.1200" width="1744" height="598" />
    <size key="GridCell.Tab.1.center.0.-1200.1920.1200" width="1744" height="598" />
    <size key="GridCell.Tab.1.right.0.-1200.1920.1200" width="1744" height="598" />
    <size key="GridCell.Tab.1.bottom.0.-1200.1920.1200" width="1744" height="598" />
    <size key="GridCell.Tab.2.left.0.-1200.1920.1200" width="1744" height="598" />
    <size key="GridCell.Tab.2.center.0.-1200.1920.1200" width="1744" height="598" />
    <size key="GridCell.Tab.2.right.0.-1200.1920.1200" width="1744" height="598" />
    <size key="GridCell.Tab.2.bottom.0.-1200.1920.1200" width="1744" height="598" />
    <size key="GridCell.Tab.3.left.0.-1200.1920.1200" width="1744" height="598" />
    <size key="GridCell.Tab.3.center.0.-1200.1920.1200" width="1744" height="598" />
    <size key="GridCell.Tab.3.right.0.-1200.1920.1200" width="1744" height="598" />
    <size key="GridCell.Tab.3.bottom.0.-1200.1920.1200" width="1744" height="598" />
    <size key="GridCell.Tab.4.left.0.-1200.1920.1200" width="1744" height="598" />
    <size key="GridCell.Tab.4.center.0.-1200.1920.1200" width="1744" height="598" />
    <size key="GridCell.Tab.4.right.0.-1200.1920.1200" width="1744" height="598" />
    <size key="GridCell.Tab.4.bottom.0.-1200.1920.1200" width="1744" height="598" />
    <size key="GridCell.Tab.5.left.0.-1200.1920.1200" width="1339" height="409" />
    <size key="GridCell.Tab.5.center.0.-1200.1920.1200" width="1339" height="409" />
    <size key="GridCell.Tab.5.right.0.-1200.1920.1200" width="1339" height="409" />
    <size key="GridCell.Tab.5.bottom.0.-1200.1920.1200" width="1339" height="409" />
    <size key="GridCell.Tab.0.left.0.0.3840.1600" width="961" height="54" />
    <size key="GridCell.Tab.0.center.0.0.3840.1600" width="961" height="54" />
    <size key="GridCell.Tab.0.right.0.0.3840.1600" width="961" height="54" />
    <size key="GridCell.Tab.0.bottom.0.0.3840.1600" width="961" height="54" />
    <size key="GridCell.Tab.1.left.0.0.3840.1600" width="961" height="236" />
    <size key="GridCell.Tab.1.center.0.0.3840.1600" width="961" height="236" />
    <size key="GridCell.Tab.1.right.0.0.3840.1600" width="961" height="236" />
    <size key="GridCell.Tab.1.bottom.0.0.3840.1600" width="961" height="236" />
    <size key="GridCell.Tab.2.left.0.0.3840.1600" width="-18" height="236" />
    <size key="GridCell.Tab.2.center.0.0.3840.1600" width="-18" height="236" />
    <size key="GridCell.Tab.2.right.0.0.3840.1600" width="-18" height="236" />
    <size key="GridCell.Tab.2.bottom.0.0.3840.1600" width="-18" height="236" />
    <size key="GridCell.Tab.3.left.0.0.3840.1600" width="-18" height="236" />
    <size key="GridCell.Tab.3.center.0.0.3840.1600" width="-18" height="236" />
    <size key="GridCell.Tab.3.right.0.0.3840.1600" width="-18" height="236" />
    <size key="GridCell.Tab.3.bottom.0.0.3840.1600" width="-18" height="236" />
    <size key="GridCell.Tab.4.left.0.0.3840.1600" width="-18" height="236" />
    <size key="GridCell.Tab.4.center.0.0.3840.1600" width="-18" height="236" />
    <size key="GridCell.Tab.4.right.0.0.3840.1600" width="-18" height="236" />
    <size key="GridCell.Tab.4.bottom.0.0.3840.1600" width="-18" height="236" />
    <size key="GridCell.Tab.5.left.0.0.3840.1600" width="-18" height="263" />
    <size key="GridCell.Tab.5.center.0.0.3840.1600" width="-18" height="263" />
    <size key="GridCell.Tab.5.right.0.0.3840.1600" width="-18" height="263" />
    <size key="GridCell.Tab.5.bottom.0.0.3840.1600" width="-18" height="263" />
    <size key="find.popup.0.0.3840.1600" width="1511" height="616" />
    <size key="find.popup.0.-1200.1920.1200" width="909" height="832" />
    <size key="GridCell.Tab.0.left.0.0.3840.2400@192dpi" width="2832" height="882" />
    <size key="GridCell.Tab.0.center.0.0.3840.2400@192dpi" width="2832" height="882" />
    <size key="GridCell.Tab.0.right.0.0.3840.2400@192dpi" width="2832" height="882" />
    <size key="GridCell.Tab.0.bottom.0.0.3840.2400@192dpi" width="2832" height="882" />
    <size key="find.popup.0.0.3840.2400@192dpi" width="1382" height="1662" />
    <size key="GridCell.Tab.0.left.-1200.-867.1200.1920" width="1479" height="268" />
    <size key="GridCell.Tab.0.center.-1200.-867.1200.1920" width="1479" height="268" />
    <size key="GridCell.Tab.0.right.-1200.-867.1200.1920" width="1479" height="268" />
    <size key="GridCell.Tab.0.bottom.-1200.-867.1200.1920" width="1479" height="268" />
    <size key="GridCell.Tab.1.left.0.0.3840.2400@192dpi" width="2832" height="882" />
    <size key="GridCell.Tab.1.center.0.0.3840.2400@192dpi" width="2832" height="882" />
    <size key="GridCell.Tab.1.right.0.0.3840.2400@192dpi" width="2832" height="882" />
    <size key="GridCell.Tab.1.bottom.0.0.3840.2400@192dpi" width="2832" height="882" />
    <size key="GridCell.Tab.2.left.0.0.3840.2400@192dpi" width="2832" height="882" />
    <size key="GridCell.Tab.2.center.0.0.3840.2400@192dpi" width="2832" height="882" />
    <size key="GridCell.Tab.2.right.0.0.3840.2400@192dpi" width="2832" height="882" />
    <size key="GridCell.Tab.2.bottom.0.0.3840.2400@192dpi" width="2832" height="882" />
    <size key="GridCell.Tab.3.left.0.0.3840.2400@192dpi" width="2832" height="882" />
    <size key="GridCell.Tab.3.center.0.0.3840.2400@192dpi" width="2832" height="882" />
    <size key="GridCell.Tab.3.right.0.0.3840.2400@192dpi" width="2832" height="882" />
    <size key="GridCell.Tab.3.bottom.0.0.3840.2400@192dpi" width="2832" height="882" />
    <size key="GridCell.Tab.4.left.0.0.3840.2400@192dpi" width="2832" height="882" />
    <size key="GridCell.Tab.4.center.0.0.3840.2400@192dpi" width="2832" height="882" />
    <size key="GridCell.Tab.4.right.0.0.3840.2400@192dpi" width="2832" height="882" />
    <size key="GridCell.Tab.4.bottom.0.0.3840.2400@192dpi" width="2832" height="882" />
    <size key="GridCell.Tab.0.left.0.0.3840.2400@240dpi" width="2995" height="270" />
    <size key="GridCell.Tab.0.center.0.0.3840.2400@240dpi" width="2995" height="270" />
    <size key="GridCell.Tab.0.right.0.0.3840.2400@240dpi" width="2995" height="270" />
    <size key="GridCell.Tab.0.bottom.0.0.3840.2400@240dpi" width="2995" height="270" />
    <size key="find.popup.0.0.3840.2400@240dpi" width="2818" height="1653" />
    <size key="GridCell.Tab.1.left.0.0.3840.2400@240dpi" width="2460" height="850" />
    <size key="GridCell.Tab.1.center.0.0.3840.2400@240dpi" width="2460" height="850" />
    <size key="GridCell.Tab.1.right.0.0.3840.2400@240dpi" width="2460" height="850" />
    <size key="GridCell.Tab.1.bottom.0.0.3840.2400@240dpi" width="2460" height="850" />
    <size key="GridCell.Tab.2.left.0.0.3840.2400@240dpi" width="2460" height="765" />
    <size key="GridCell.Tab.2.center.0.0.3840.2400@240dpi" width="2460" height="765" />
    <size key="GridCell.Tab.2.right.0.0.3840.2400@240dpi" width="2460" height="765" />
    <size key="GridCell.Tab.2.bottom.0.0.3840.2400@240dpi" width="2460" height="765" />
    <size key="GridCell.Tab.3.left.0.0.3840.2400@240dpi" width="2460" height="765" />
    <size key="GridCell.Tab.3.center.0.0.3840.2400@240dpi" width="2460" height="765" />
    <size key="GridCell.Tab.3.right.0.0.3840.2400@240dpi" width="2460" height="765" />
    <size key="GridCell.Tab.3.bottom.0.0.3840.2400@240dpi" width="2460" height="765" />
    <size key="GridCell.Tab.4.left.0.0.3840.2400@240dpi" width="3678" height="255" />
    <size key="GridCell.Tab.4.center.0.0.3840.2400@240dpi" width="3678" height="255" />
    <size key="GridCell.Tab.4.right.0.0.3840.2400@240dpi" width="3678" height="255" />
    <size key="GridCell.Tab.4.bottom.0.0.3840.2400@240dpi" width="3678" height="255" />
    <size key="GridCell.Tab.0.left.0.0.1200.1920" width="398" height="377" />
    <size key="GridCell.Tab.0.center.0.0.1200.1920" width="398" height="377" />
    <size key="GridCell.Tab.0.right.0.0.1200.1920" width="398" height="377" />
    <size key="GridCell.Tab.0.bottom.0.0.1200.1920" width="398" height="377" />
    <size key="GridCell.Tab.0.left.1200.-23.1200.1920" width="1134" height="550" />
    <size key="GridCell.Tab.0.center.1200.-23.1200.1920" width="1134" height="550" />
    <size key="GridCell.Tab.0.right.1200.-23.1200.1920" width="1134" height="550" />
    <size key="GridCell.Tab.0.bottom.1200.-23.1200.1920" width="1134" height="550" />
    <size key="GridCell.Tab.1.left.1200.-23.1200.1920" width="1134" height="550" />
    <size key="GridCell.Tab.1.center.1200.-23.1200.1920" width="1134" height="550" />
    <size key="GridCell.Tab.1.right.1200.-23.1200.1920" width="1134" height="550" />
    <size key="GridCell.Tab.1.bottom.1200.-23.1200.1920" width="1134" height="550" />
    <size key="GridCell.Tab.2.left.1200.-23.1200.1920" width="1134" height="550" />
    <size key="GridCell.Tab.2.center.1200.-23.1200.1920" width="1134" height="550" />
    <size key="GridCell.Tab.2.right.1200.-23.1200.1920" width="1134" height="550" />
    <size key="GridCell.Tab.2.bottom.1200.-23.1200.1920" width="1134" height="550" />
    <size key="GridCell.Tab.3.left.1200.-23.1200.1920" width="1134" height="550" />
    <size key="GridCell.Tab.3.center.1200.-23.1200.1920" width="1134" height="550" />
    <size key="GridCell.Tab.3.right.1200.-23.1200.1920" width="1134" height="550" />
    <size key="GridCell.Tab.3.bottom.1200.-23.1200.1920" width="1134" height="550" />
    <size key="GridCell.Tab.1.left.0.0.1200.1920" width="1134" height="626" />
    <size key="GridCell.Tab.1.center.0.0.1200.1920" width="1134" height="626" />
    <size key="GridCell.Tab.1.right.0.0.1200.1920" width="1134" height="626" />
    <size key="GridCell.Tab.1.bottom.0.0.1200.1920" width="1134" height="626" />
    <size key="GridCell.Tab.2.left.0.0.1200.1920" width="1134" height="626" />
    <size key="GridCell.Tab.2.center.0.0.1200.1920" width="1134" height="626" />
    <size key="GridCell.Tab.2.right.0.0.1200.1920" width="1134" height="626" />
    <size key="GridCell.Tab.2.bottom.0.0.1200.1920" width="1134" height="626" />
    <size key="GridCell.Tab.3.left.0.0.1200.1920" width="1134" height="626" />
    <size key="GridCell.Tab.3.center.0.0.1200.1920" width="1134" height="626" />
    <size key="GridCell.Tab.3.right.0.0.1200.1920" width="1134" height="626" />
    <size key="GridCell.Tab.3.bottom.0.0.1200.1920" width="1134" height="626" />
    <size key="find.popup.1200.-23.1200.1920" width="778" height="1296" />
    <size key="find.popup.0.0.1200.1920" width="876" height="1266" />
    <size key="GridCell.Tab.4.left.0.0.1200.1920" width="1598" height="704" />
    <size key="GridCell.Tab.4.center.0.0.1200.1920" width="1598" height="704" />
    <size key="GridCell.Tab.4.right.0.0.1200.1920" width="1598" height="704" />
    <size key="GridCell.Tab.4.bottom.0.0.1200.1920" width="1598" height="704" />
    <size key="GridCell.Tab.0.left.-2400.-27.1200.1920" width="361" height="577" />
    <size key="GridCell.Tab.0.center.-2400.-27.1200.1920" width="361" height="577" />
    <size key="GridCell.Tab.0.right.-2400.-27.1200.1920" width="361" height="577" />
    <size key="GridCell.Tab.0.bottom.-2400.-27.1200.1920" width="361" height="577" />
    <size key="find.popup.-1200.30.1200.1920" width="686" height="1269" />
    <size key="GridCell.Tab.4.left.1200.-23.1200.1920" width="856" height="449" />
    <size key="GridCell.Tab.4.center.1200.-23.1200.1920" width="856" height="449" />
    <size key="GridCell.Tab.4.right.1200.-23.1200.1920" width="856" height="449" />
    <size key="GridCell.Tab.4.bottom.1200.-23.1200.1920" width="856" height="449" />
    <size key="GridCell.Tab.1.left.-2400.-27.1200.1920" width="1134" height="449" />
    <size key="GridCell.Tab.1.center.-2400.-27.1200.1920" width="1134" height="449" />
    <size key="GridCell.Tab.1.right.-2400.-27.1200.1920" width="1134" height="449" />
    <size key="GridCell.Tab.1.bottom.-2400.-27.1200.1920" width="1134" height="449" />
    <size key="GridCell.Tab.2.left.-2400.-27.1200.1920" width="1134" height="449" />
    <size key="GridCell.Tab.2.center.-2400.-27.1200.1920" width="1134" height="449" />
    <size key="GridCell.Tab.2.right.-2400.-27.1200.1920" width="1134" height="449" />
    <size key="GridCell.Tab.2.bottom.-2400.-27.1200.1920" width="1134" height="449" />
    <size key="GridCell.Tab.3.left.-2400.-27.1200.1920" width="1134" height="449" />
    <size key="GridCell.Tab.3.center.-2400.-27.1200.1920" width="1134" height="449" />
    <size key="GridCell.Tab.3.right.-2400.-27.1200.1920" width="1134" height="449" />
    <size key="GridCell.Tab.3.bottom.-2400.-27.1200.1920" width="1134" height="449" />
    <size key="find.popup.-2400.-27.1200.1920" width="801" height="506" />
    <size key="find.popup.1200.0.1200.1920" width="1079" height="524" />
    <size key="GridCell.Tab.0.left.1200.0.1200.1920" width="793" height="435" />
    <size key="GridCell.Tab.0.center.1200.0.1200.1920" width="793" height="435" />
    <size key="GridCell.Tab.0.right.1200.0.1200.1920" width="793" height="435" />
    <size key="GridCell.Tab.0.bottom.1200.0.1200.1920" width="793" height="435" />
    <size key="GridCell.Tab.1.left.1200.0.1200.1920" width="793" height="435" />
    <size key="GridCell.Tab.1.center.1200.0.1200.1920" width="793" height="435" />
    <size key="GridCell.Tab.1.right.1200.0.1200.1920" width="793" height="435" />
    <size key="GridCell.Tab.1.bottom.1200.0.1200.1920" width="793" height="435" />
    <size key="GridCell.Tab.2.left.1200.0.1200.1920" width="793" height="435" />
    <size key="GridCell.Tab.2.center.1200.0.1200.1920" width="793" height="435" />
    <size key="GridCell.Tab.2.right.1200.0.1200.1920" width="793" height="435" />
    <size key="GridCell.Tab.2.bottom.1200.0.1200.1920" width="793" height="435" />
    <size key="GridCell.Tab.3.left.1200.0.1200.1920" width="793" height="435" />
    <size key="GridCell.Tab.3.center.1200.0.1200.1920" width="793" height="435" />
    <size key="GridCell.Tab.3.right.1200.0.1200.1920" width="793" height="435" />
    <size key="GridCell.Tab.3.bottom.1200.0.1200.1920" width="793" height="435" />
    <size key="GridCell.Tab.4.left.1200.0.1200.1920" width="793" height="435" />
    <size key="GridCell.Tab.4.center.1200.0.1200.1920" width="793" height="435" />
    <size key="GridCell.Tab.4.right.1200.0.1200.1920" width="793" height="435" />
    <size key="GridCell.Tab.4.bottom.1200.0.1200.1920" width="793" height="435" />
    <size key="GridCell.Tab.0.left.784.-1920.1200.1920" width="884" height="640" />
    <size key="GridCell.Tab.0.center.784.-1920.1200.1920" width="884" height="640" />
    <size key="GridCell.Tab.0.right.784.-1920.1200.1920" width="884" height="640" />
    <size key="GridCell.Tab.0.bottom.784.-1920.1200.1920" width="884" height="640" />
    <size key="GridCell.Tab.0.left.1984.-1920.1200.1920" width="-18" height="180" />
    <size key="GridCell.Tab.0.center.1984.-1920.1200.1920" width="-18" height="180" />
    <size key="GridCell.Tab.0.right.1984.-1920.1200.1920" width="-18" height="180" />
    <size key="GridCell.Tab.0.bottom.1984.-1920.1200.1920" width="-18" height="180" />
    <size key="GridCell.Tab.0.left.9600.0.3840.2400@240dpi" width="2698" height="750" />
    <size key="GridCell.Tab.0.center.9600.0.3840.2400@240dpi" width="2698" height="750" />
    <size key="GridCell.Tab.0.right.9600.0.3840.2400@240dpi" width="2698" height="750" />
    <size key="GridCell.Tab.0.bottom.9600.0.3840.2400@240dpi" width="2698" height="750" />
    <size key="GridCell.Tab.0.left.-1200.16.1200.1920" width="770" height="648" />
    <size key="GridCell.Tab.0.center.-1200.16.1200.1920" width="770" height="648" />
    <size key="GridCell.Tab.0.right.-1200.16.1200.1920" width="770" height="648" />
    <size key="GridCell.Tab.0.bottom.-1200.16.1200.1920" width="770" height="648" />
    <size key="GridCell.Tab.1.left.-1200.16.1200.1920" width="1134" height="648" />
    <size key="GridCell.Tab.1.center.-1200.16.1200.1920" width="1134" height="648" />
    <size key="GridCell.Tab.1.right.-1200.16.1200.1920" width="1134" height="648" />
    <size key="GridCell.Tab.1.bottom.-1200.16.1200.1920" width="1134" height="648" />
    <size key="GridCell.Tab.2.left.-1200.16.1200.1920" width="1134" height="648" />
    <size key="GridCell.Tab.2.center.-1200.16.1200.1920" width="1134" height="648" />
    <size key="GridCell.Tab.2.right.-1200.16.1200.1920" width="1134" height="648" />
    <size key="GridCell.Tab.2.bottom.-1200.16.1200.1920" width="1134" height="648" />
    <size key="GridCell.Tab.3.left.-1200.16.1200.1920" width="1134" height="648" />
    <size key="GridCell.Tab.3.center.-1200.16.1200.1920" width="1134" height="648" />
    <size key="GridCell.Tab.3.right.-1200.16.1200.1920" width="1134" height="648" />
    <size key="GridCell.Tab.3.bottom.-1200.16.1200.1920" width="1134" height="648" />
    <size key="GridCell.Tab.4.left.-1200.16.1200.1920" width="1134" height="648" />
    <size key="GridCell.Tab.4.center.-1200.16.1200.1920" width="1134" height="648" />
    <size key="GridCell.Tab.4.right.-1200.16.1200.1920" width="1134" height="648" />
    <size key="GridCell.Tab.4.bottom.-1200.16.1200.1920" width="1134" height="648" />
    <size key="find.popup.0.0.3841.2401@216dpi" width="2201" height="1598" />
    <size key="GridCell.Tab.0.left.0.0.3841.2401@216dpi" width="3693" height="412" />
    <size key="GridCell.Tab.0.center.0.0.3841.2401@216dpi" width="3693" height="412" />
    <size key="GridCell.Tab.0.right.0.0.3841.2401@216dpi" width="3693" height="412" />
    <size key="GridCell.Tab.0.bottom.0.0.3841.2401@216dpi" width="3693" height="412" />
    <size key="GridCell.Tab.1.left.0.0.3841.2401@216dpi" width="3693" height="412" />
    <size key="GridCell.Tab.1.center.0.0.3841.2401@216dpi" width="3693" height="412" />
    <size key="GridCell.Tab.1.right.0.0.3841.2401@216dpi" width="3693" height="412" />
    <size key="GridCell.Tab.1.bottom.0.0.3841.2401@216dpi" width="3693" height="412" />
    <size key="GridCell.Tab.2.left.0.0.3841.2401@216dpi" width="3693" height="412" />
    <size key="GridCell.Tab.2.center.0.0.3841.2401@216dpi" width="3693" height="412" />
    <size key="GridCell.Tab.2.right.0.0.3841.2401@216dpi" width="3693" height="412" />
    <size key="GridCell.Tab.2.bottom.0.0.3841.2401@216dpi" width="3693" height="412" />
    <size key="GridCell.Tab.3.left.0.0.3841.2401@216dpi" width="3693" height="412" />
    <size key="GridCell.Tab.3.center.0.0.3841.2401@216dpi" width="3693" height="412" />
    <size key="GridCell.Tab.3.right.0.0.3841.2401@216dpi" width="3693" height="412" />
    <size key="GridCell.Tab.3.bottom.0.0.3841.2401@216dpi" width="3693" height="412" />
    <size key="GridCell.Tab.4.left.0.0.3841.2401@216dpi" width="3693" height="412" />
    <size key="GridCell.Tab.4.center.0.0.3841.2401@216dpi" width="3693" height="412" />
    <size key="GridCell.Tab.4.right.0.0.3841.2401@216dpi" width="3693" height="412" />
    <size key="GridCell.Tab.4.bottom.0.0.3841.2401@216dpi" width="3693" height="412" />
    <size key="GridCell.Tab.0.left.7680.0.3840.2400@192dpi" width="2866" height="500" />
    <size key="GridCell.Tab.0.center.7680.0.3840.2400@192dpi" width="2866" height="500" />
    <size key="GridCell.Tab.0.right.7680.0.3840.2400@192dpi" width="2866" height="500" />
    <size key="GridCell.Tab.0.bottom.7680.0.3840.2400@192dpi" width="2866" height="500" />
    <size key="GridCell.Tab.1.left.7680.0.3840.2400@192dpi" width="2866" height="500" />
    <size key="GridCell.Tab.1.center.7680.0.3840.2400@192dpi" width="2866" height="500" />
    <size key="GridCell.Tab.1.right.7680.0.3840.2400@192dpi" width="2866" height="500" />
    <size key="GridCell.Tab.1.bottom.7680.0.3840.2400@192dpi" width="2866" height="500" />
    <size key="GridCell.Tab.2.left.7680.0.3840.2400@192dpi" width="2866" height="500" />
    <size key="GridCell.Tab.2.center.7680.0.3840.2400@192dpi" width="2866" height="500" />
    <size key="GridCell.Tab.2.right.7680.0.3840.2400@192dpi" width="2866" height="500" />
    <size key="GridCell.Tab.2.bottom.7680.0.3840.2400@192dpi" width="2866" height="500" />
    <size key="GridCell.Tab.3.left.7680.0.3840.2400@192dpi" width="2866" height="500" />
    <size key="GridCell.Tab.3.center.7680.0.3840.2400@192dpi" width="2866" height="500" />
    <size key="GridCell.Tab.3.right.7680.0.3840.2400@192dpi" width="2866" height="500" />
    <size key="GridCell.Tab.3.bottom.7680.0.3840.2400@192dpi" width="2866" height="500" />
    <size key="GridCell.Tab.4.left.7680.0.3840.2400@192dpi" width="2866" height="500" />
    <size key="GridCell.Tab.4.center.7680.0.3840.2400@192dpi" width="2866" height="500" />
    <size key="GridCell.Tab.4.right.7680.0.3840.2400@192dpi" width="2866" height="500" />
    <size key="GridCell.Tab.4.bottom.7680.0.3840.2400@192dpi" width="2866" height="500" />
    <size key="GridCell.Tab.0.left.-1200.0.1200.1920" width="793" height="940" />
    <size key="GridCell.Tab.0.center.-1200.0.1200.1920" width="793" height="940" />
    <size key="GridCell.Tab.0.right.-1200.0.1200.1920" width="793" height="940" />
    <size key="GridCell.Tab.0.bottom.-1200.0.1200.1920" width="793" height="940" />
    <size key="GridCell.Tab.1.left.-1200.0.1200.1920" width="793" height="204" />
    <size key="GridCell.Tab.1.center.-1200.0.1200.1920" width="793" height="204" />
    <size key="GridCell.Tab.1.right.-1200.0.1200.1920" width="793" height="204" />
    <size key="GridCell.Tab.1.bottom.-1200.0.1200.1920" width="793" height="204" />
    <size key="GridCell.Tab.0.left.3000.-40.3840.2400@240dpi" width="2835" height="1305" />
    <size key="GridCell.Tab.0.center.3000.-40.3840.2400@240dpi" width="2835" height="1305" />
    <size key="GridCell.Tab.0.right.3000.-40.3840.2400@240dpi" width="2835" height="1305" />
    <size key="GridCell.Tab.0.bottom.3000.-40.3840.2400@240dpi" width="2835" height="1305" />
    <size key="GridCell.Tab.1.left.3000.-40.3840.2400@240dpi" width="3078" height="1305" />
    <size key="GridCell.Tab.1.center.3000.-40.3840.2400@240dpi" width="3078" height="1305" />
    <size key="GridCell.Tab.1.right.3000.-40.3840.2400@240dpi" width="3078" height="1305" />
    <size key="GridCell.Tab.1.bottom.3000.-40.3840.2400@240dpi" width="3078" height="1305" />
    <size key="GridCell.Tab.2.left.3000.-40.3840.2400@240dpi" width="3078" height="1305" />
    <size key="GridCell.Tab.2.center.3000.-40.3840.2400@240dpi" width="3078" height="1305" />
    <size key="GridCell.Tab.2.right.3000.-40.3840.2400@240dpi" width="3078" height="1305" />
    <size key="GridCell.Tab.2.bottom.3000.-40.3840.2400@240dpi" width="3078" height="1305" />
    <size key="GridCell.Tab.3.left.3000.-40.3840.2400@240dpi" width="3078" height="1305" />
    <size key="GridCell.Tab.3.center.3000.-40.3840.2400@240dpi" width="3078" height="1305" />
    <size key="GridCell.Tab.3.right.3000.-40.3840.2400@240dpi" width="3078" height="1305" />
    <size key="GridCell.Tab.3.bottom.3000.-40.3840.2400@240dpi" width="3078" height="1305" />
    <size key="find.popup.-1200.0.1200.1920" width="710" height="1266" />
    <size key="GridCell.Tab.6.left.0.0.3840.1600" width="1223" height="572" />
    <size key="GridCell.Tab.6.center.0.0.3840.1600" width="1223" height="572" />
    <size key="GridCell.Tab.6.right.0.0.3840.1600" width="1223" height="572" />
    <size key="GridCell.Tab.6.bottom.0.0.3840.1600" width="1223" height="572" />
    <size key="GridCell.Tab.-1.left.0.0.3840.1600" width="1749" height="939" />
    <size key="GridCell.Tab.-1.center.0.0.3840.1600" width="1749" height="939" />
    <size key="GridCell.Tab.-1.right.0.0.3840.1600" width="1749" height="939" />
    <size key="GridCell.Tab.-1.bottom.0.0.3840.1600" width="1749" height="939" />
    <size key="GridCell.Tab.2.left.-1200.0.1200.1920" width="793" height="204" />
    <size key="GridCell.Tab.2.center.-1200.0.1200.1920" width="793" height="204" />
    <size key="GridCell.Tab.2.right.-1200.0.1200.1920" width="793" height="204" />
    <size key="GridCell.Tab.2.bottom.-1200.0.1200.1920" width="793" height="204" />
    <size key="GridCell.Tab.3.left.-1200.0.1200.1920" width="793" height="204" />
    <size key="GridCell.Tab.3.center.-1200.0.1200.1920" width="793" height="204" />
    <size key="GridCell.Tab.3.right.-1200.0.1200.1920" width="793" height="204" />
    <size key="GridCell.Tab.3.bottom.-1200.0.1200.1920" width="793" height="204" />
    <size key="GridCell.Tab.0.left.2100.-28.3840.2400@168dpi" width="2996" height="1302" />
    <size key="GridCell.Tab.0.center.2100.-28.3840.2400@168dpi" width="2996" height="1302" />
    <size key="GridCell.Tab.0.right.2100.-28.3840.2400@168dpi" width="2996" height="1302" />
    <size key="GridCell.Tab.0.bottom.2100.-28.3840.2400@168dpi" width="2996" height="1302" />
    <size key="find.popup.2100.-28.3840.2400@168dpi" width="1264" height="1567" />
    <size key="GridCell.Tab.0.left.0.0.3840.1600@120dpi" width="1112" height="390" />
    <size key="GridCell.Tab.0.center.0.0.3840.1600@120dpi" width="1112" height="390" />
    <size key="GridCell.Tab.0.right.0.0.3840.1600@120dpi" width="1112" height="390" />
    <size key="GridCell.Tab.0.bottom.0.0.3840.1600@120dpi" width="1112" height="390" />
    <size key="find.popup.0.0.3840.1600@120dpi" width="1511" height="815" />
    <size key="GridCell.Tab.1.left.0.0.3840.1600@120dpi" width="2226" height="390" />
    <size key="GridCell.Tab.1.center.0.0.3840.1600@120dpi" width="2226" height="390" />
    <size key="GridCell.Tab.1.right.0.0.3840.1600@120dpi" width="2226" height="390" />
    <size key="GridCell.Tab.1.bottom.0.0.3840.1600@120dpi" width="2226" height="390" />
    <size key="GridCell.Tab.2.left.0.0.3840.1600@120dpi" width="2226" height="390" />
    <size key="GridCell.Tab.2.center.0.0.3840.1600@120dpi" width="2226" height="390" />
    <size key="GridCell.Tab.2.right.0.0.3840.1600@120dpi" width="2226" height="390" />
    <size key="GridCell.Tab.2.bottom.0.0.3840.1600@120dpi" width="2226" height="390" />
    <size key="GridCell.Tab.3.left.0.0.3840.1600@120dpi" width="2226" height="390" />
    <size key="GridCell.Tab.3.center.0.0.3840.1600@120dpi" width="2226" height="390" />
    <size key="GridCell.Tab.3.right.0.0.3840.1600@120dpi" width="2226" height="390" />
    <size key="GridCell.Tab.3.bottom.0.0.3840.1600@120dpi" width="2226" height="390" />
    <size key="GridCell.Tab.4.left.0.0.3840.1600@120dpi" width="713" height="390" />
    <size key="GridCell.Tab.4.center.0.0.3840.1600@120dpi" width="713" height="390" />
    <size key="GridCell.Tab.4.right.0.0.3840.1600@120dpi" width="713" height="390" />
    <size key="GridCell.Tab.4.bottom.0.0.3840.1600@120dpi" width="713" height="390" />
    <size key="GridCell.Tab.0.left.1200.0.1200.1920@120dpi" width="1118" height="539" />
    <size key="GridCell.Tab.0.center.1200.0.1200.1920@120dpi" width="1118" height="539" />
    <size key="GridCell.Tab.0.right.1200.0.1200.1920@120dpi" width="1118" height="539" />
    <size key="GridCell.Tab.0.bottom.1200.0.1200.1920@120dpi" width="1118" height="539" />
    <size key="GridCell.Tab.1.left.1200.0.1200.1920@120dpi" width="841" height="277" />
    <size key="GridCell.Tab.1.center.1200.0.1200.1920@120dpi" width="841" height="277" />
    <size key="GridCell.Tab.1.right.1200.0.1200.1920@120dpi" width="841" height="277" />
    <size key="GridCell.Tab.1.bottom.1200.0.1200.1920@120dpi" width="841" height="277" />
    <size key="GridCell.Tab.2.left.1200.0.1200.1920@120dpi" width="841" height="277" />
    <size key="GridCell.Tab.2.center.1200.0.1200.1920@120dpi" width="841" height="277" />
    <size key="GridCell.Tab.2.right.1200.0.1200.1920@120dpi" width="841" height="277" />
    <size key="GridCell.Tab.2.bottom.1200.0.1200.1920@120dpi" width="841" height="277" />
    <size key="GridCell.Tab.3.left.1200.0.1200.1920@120dpi" width="841" height="277" />
    <size key="GridCell.Tab.3.center.1200.0.1200.1920@120dpi" width="841" height="277" />
    <size key="GridCell.Tab.3.right.1200.0.1200.1920@120dpi" width="841" height="277" />
    <size key="GridCell.Tab.3.bottom.1200.0.1200.1920@120dpi" width="841" height="277" />
    <size key="GridCell.Tab.4.left.1200.0.1200.1920@120dpi" width="841" height="277" />
    <size key="GridCell.Tab.4.center.1200.0.1200.1920@120dpi" width="841" height="277" />
    <size key="GridCell.Tab.4.right.1200.0.1200.1920@120dpi" width="841" height="277" />
    <size key="GridCell.Tab.4.bottom.1200.0.1200.1920@120dpi" width="841" height="277" />
    <size key="find.popup.1200.0.1200.1920@120dpi" width="1079" height="696" />
    <size key="GridCell.Tab.0.left.0.0.1200.1920@120dpi" width="2307" height="791" />
    <size key="GridCell.Tab.0.center.0.0.1200.1920@120dpi" width="2307" height="791" />
    <size key="GridCell.Tab.0.right.0.0.1200.1920@120dpi" width="2307" height="791" />
    <size key="GridCell.Tab.0.bottom.0.0.1200.1920@120dpi" width="2307" height="791" />
    <size key="GridCell.Tab.1.left.0.0.1200.1920@120dpi" width="-24" height="484" />
    <size key="GridCell.Tab.1.center.0.0.1200.1920@120dpi" width="-24" height="484" />
    <size key="GridCell.Tab.1.right.0.0.1200.1920@120dpi" width="-24" height="484" />
    <size key="GridCell.Tab.1.bottom.0.0.1200.1920@120dpi" width="-24" height="484" />
    <size key="find.popup.0.0.1200.1920@120dpi" width="1057" height="632" />
    <size key="GridCell.Tab.0.left.0.0.3840.2400@210dpi" width="2025" height="387" />
    <size key="GridCell.Tab.0.center.0.0.3840.2400@210dpi" width="2025" height="387" />
    <size key="GridCell.Tab.0.right.0.0.3840.2400@210dpi" width="2025" height="387" />
    <size key="GridCell.Tab.0.bottom.0.0.3840.2400@210dpi" width="2025" height="387" />
    <size key="GridCell.Tab.1.left.0.0.3840.2400@210dpi" width="2025" height="387" />
    <size key="GridCell.Tab.1.center.0.0.3840.2400@210dpi" width="2025" height="387" />
    <size key="GridCell.Tab.1.right.0.0.3840.2400@210dpi" width="2025" height="387" />
    <size key="GridCell.Tab.1.bottom.0.0.3840.2400@210dpi" width="2025" height="387" />
    <size key="GridCell.Tab.2.left.0.0.3840.2400@210dpi" width="2025" height="387" />
    <size key="GridCell.Tab.2.center.0.0.3840.2400@210dpi" width="2025" height="387" />
    <size key="GridCell.Tab.2.right.0.0.3840.2400@210dpi" width="2025" height="387" />
    <size key="GridCell.Tab.2.bottom.0.0.3840.2400@210dpi" width="2025" height="387" />
    <size key="GridCell.Tab.3.left.0.0.3840.2400@210dpi" width="2025" height="779" />
    <size key="GridCell.Tab.3.center.0.0.3840.2400@210dpi" width="2025" height="779" />
    <size key="GridCell.Tab.3.right.0.0.3840.2400@210dpi" width="2025" height="779" />
    <size key="GridCell.Tab.3.bottom.0.0.3840.2400@210dpi" width="2025" height="779" />
    <size key="GridCell.Tab.2.left.0.0.1200.1920@120dpi" width="-24" height="484" />
    <size key="GridCell.Tab.2.center.0.0.1200.1920@120dpi" width="-24" height="484" />
    <size key="GridCell.Tab.2.right.0.0.1200.1920@120dpi" width="-24" height="484" />
    <size key="GridCell.Tab.2.bottom.0.0.1200.1920@120dpi" width="-24" height="484" />
    <size key="GridCell.Tab.6.left.1200.0.1200.1920@120dpi" width="841" height="526" />
    <size key="GridCell.Tab.6.center.1200.0.1200.1920@120dpi" width="841" height="526" />
    <size key="GridCell.Tab.6.right.1200.0.1200.1920@120dpi" width="841" height="526" />
    <size key="GridCell.Tab.6.bottom.1200.0.1200.1920@120dpi" width="841" height="526" />
    <size key="GridCell.Tab.7.left.1200.0.1200.1920@120dpi" width="841" height="526" />
    <size key="GridCell.Tab.7.center.1200.0.1200.1920@120dpi" width="841" height="526" />
    <size key="GridCell.Tab.7.right.1200.0.1200.1920@120dpi" width="841" height="526" />
    <size key="GridCell.Tab.7.bottom.1200.0.1200.1920@120dpi" width="841" height="526" />
    <size key="GridCell.Tab.5.left.1200.0.1200.1920@120dpi" width="841" height="526" />
    <size key="GridCell.Tab.5.center.1200.0.1200.1920@120dpi" width="841" height="526" />
    <size key="GridCell.Tab.5.right.1200.0.1200.1920@120dpi" width="841" height="526" />
    <size key="GridCell.Tab.5.bottom.1200.0.1200.1920@120dpi" width="841" height="526" />
    <size key="GridCell.Tab.6.left.0.0.3840.1600@120dpi" width="-24" height="277" />
    <size key="GridCell.Tab.6.center.0.0.3840.1600@120dpi" width="-24" height="277" />
    <size key="GridCell.Tab.6.right.0.0.3840.1600@120dpi" width="-24" height="277" />
    <size key="GridCell.Tab.6.bottom.0.0.3840.1600@120dpi" width="-24" height="277" />
    <size key="GridCell.Tab.7.left.0.0.3840.1600@120dpi" width="-24" height="277" />
    <size key="GridCell.Tab.7.center.0.0.3840.1600@120dpi" width="-24" height="277" />
    <size key="GridCell.Tab.7.right.0.0.3840.1600@120dpi" width="-24" height="277" />
    <size key="GridCell.Tab.7.bottom.0.0.3840.1600@120dpi" width="-24" height="277" />
    <size key="GridCell.Tab.8.left.0.0.3840.1600@120dpi" width="-24" height="277" />
    <size key="GridCell.Tab.8.center.0.0.3840.1600@120dpi" width="-24" height="277" />
    <size key="GridCell.Tab.8.right.0.0.3840.1600@120dpi" width="-24" height="277" />
    <size key="GridCell.Tab.8.bottom.0.0.3840.1600@120dpi" width="-24" height="277" />
    <size key="GridCell.Tab.9.left.0.0.3840.1600@120dpi" width="-24" height="482" />
    <size key="GridCell.Tab.9.center.0.0.3840.1600@120dpi" width="-24" height="482" />
    <size key="GridCell.Tab.9.right.0.0.3840.1600@120dpi" width="-24" height="482" />
    <size key="GridCell.Tab.9.bottom.0.0.3840.1600@120dpi" width="-24" height="482" />
    <size key="GridCell.Tab.10.left.0.0.3840.1600@120dpi" width="-24" height="482" />
    <size key="GridCell.Tab.10.center.0.0.3840.1600@120dpi" width="-24" height="482" />
    <size key="GridCell.Tab.10.right.0.0.3840.1600@120dpi" width="-24" height="482" />
    <size key="GridCell.Tab.10.bottom.0.0.3840.1600@120dpi" width="-24" height="482" />
    <size key="GridCell.Tab.5.left.0.0.3840.1600@120dpi" width="-24" height="277" />
    <size key="GridCell.Tab.5.center.0.0.3840.1600@120dpi" width="-24" height="277" />
    <size key="GridCell.Tab.5.right.0.0.3840.1600@120dpi" width="-24" height="277" />
    <size key="GridCell.Tab.5.bottom.0.0.3840.1600@120dpi" width="-24" height="277" />
    <size key="GridCell.Tab.8.left.1200.0.1200.1920@120dpi" width="841" height="632" />
    <size key="GridCell.Tab.8.center.1200.0.1200.1920@120dpi" width="841" height="632" />
    <size key="GridCell.Tab.8.right.1200.0.1200.1920@120dpi" width="841" height="632" />
    <size key="GridCell.Tab.8.bottom.1200.0.1200.1920@120dpi" width="841" height="632" />
    <size key="GridCell.Tab.9.left.1200.0.1200.1920@120dpi" width="841" height="632" />
    <size key="GridCell.Tab.9.center.1200.0.1200.1920@120dpi" width="841" height="632" />
    <size key="GridCell.Tab.9.right.1200.0.1200.1920@120dpi" width="841" height="632" />
    <size key="GridCell.Tab.9.bottom.1200.0.1200.1920@120dpi" width="841" height="632" />
    <size key="GridCell.Tab.5.left.1200.0.1200.1920" width="-18" height="224" />
    <size key="GridCell.Tab.5.center.1200.0.1200.1920" width="-18" height="224" />
    <size key="GridCell.Tab.5.right.1200.0.1200.1920" width="-18" height="224" />
    <size key="GridCell.Tab.5.bottom.1200.0.1200.1920" width="-18" height="224" />
    <size key="GridCell.Tab.6.left.1200.0.1200.1920" width="-18" height="224" />
    <size key="GridCell.Tab.6.center.1200.0.1200.1920" width="-18" height="224" />
    <size key="GridCell.Tab.6.right.1200.0.1200.1920" width="-18" height="224" />
    <size key="GridCell.Tab.6.bottom.1200.0.1200.1920" width="-18" height="224" />
    <size key="GridCell.Tab.7.left.1200.0.1200.1920" width="-18" height="224" />
    <size key="GridCell.Tab.7.center.1200.0.1200.1920" width="-18" height="224" />
    <size key="GridCell.Tab.7.right.1200.0.1200.1920" width="-18" height="224" />
    <size key="GridCell.Tab.7.bottom.1200.0.1200.1920" width="-18" height="224" />
    <size key="GridCell.Tab.7.left.0.0.3840.1600" width="1223" height="572" />
    <size key="GridCell.Tab.7.center.0.0.3840.1600" width="1223" height="572" />
    <size key="GridCell.Tab.7.right.0.0.3840.1600" width="1223" height="572" />
    <size key="GridCell.Tab.7.bottom.0.0.3840.1600" width="1223" height="572" />
    <size key="GridCell.Tab.8.left.0.0.3840.1600" width="-18" height="338" />
    <size key="GridCell.Tab.8.center.0.0.3840.1600" width="-18" height="338" />
    <size key="GridCell.Tab.8.right.0.0.3840.1600" width="-18" height="338" />
    <size key="GridCell.Tab.8.bottom.0.0.3840.1600" width="-18" height="338" />
    <size key="GridCell.Tab.9.left.0.0.3840.1600" width="961" height="149" />
    <size key="GridCell.Tab.9.center.0.0.3840.1600" width="961" height="149" />
    <size key="GridCell.Tab.9.right.0.0.3840.1600" width="961" height="149" />
    <size key="GridCell.Tab.9.bottom.0.0.3840.1600" width="961" height="149" />
    <size key="GridCell.Tab.10.left.0.0.3840.1600" width="961" height="149" />
    <size key="GridCell.Tab.10.center.0.0.3840.1600" width="961" height="149" />
    <size key="GridCell.Tab.10.right.0.0.3840.1600" width="961" height="149" />
    <size key="GridCell.Tab.10.bottom.0.0.3840.1600" width="961" height="149" />
    <size key="GridCell.Tab.11.left.0.0.3840.1600" width="961" height="149" />
    <size key="GridCell.Tab.11.center.0.0.3840.1600" width="961" height="149" />
    <size key="GridCell.Tab.11.right.0.0.3840.1600" width="961" height="149" />
    <size key="GridCell.Tab.11.bottom.0.0.3840.1600" width="961" height="149" />
    <size key="GridCell.Tab.12.left.0.0.3840.1600" width="961" height="149" />
    <size key="GridCell.Tab.12.center.0.0.3840.1600" width="961" height="149" />
    <size key="GridCell.Tab.12.right.0.0.3840.1600" width="961" height="149" />
    <size key="GridCell.Tab.12.bottom.0.0.3840.1600" width="961" height="149" />
    <size key="GridCell.Tab.5.left.0.0.1200.1920" width="1598" height="704" />
    <size key="GridCell.Tab.5.center.0.0.1200.1920" width="1598" height="704" />
    <size key="GridCell.Tab.5.right.0.0.1200.1920" width="1598" height="704" />
    <size key="GridCell.Tab.5.bottom.0.0.1200.1920" width="1598" height="704" />
    <size key="GridCell.Tab.6.left.0.0.1200.1920" width="1598" height="704" />
    <size key="GridCell.Tab.6.center.0.0.1200.1920" width="1598" height="704" />
    <size key="GridCell.Tab.6.right.0.0.1200.1920" width="1598" height="704" />
    <size key="GridCell.Tab.6.bottom.0.0.1200.1920" width="1598" height="704" />
    <size key="GridCell.Tab.7.left.0.0.1200.1920" width="1598" height="704" />
    <size key="GridCell.Tab.7.center.0.0.1200.1920" width="1598" height="704" />
    <size key="GridCell.Tab.7.right.0.0.1200.1920" width="1598" height="704" />
    <size key="GridCell.Tab.7.bottom.0.0.1200.1920" width="1598" height="704" />
    <size key="GridCell.Tab.8.left.1200.0.1200.1920" width="-18" height="345" />
    <size key="GridCell.Tab.8.center.1200.0.1200.1920" width="-18" height="345" />
    <size key="GridCell.Tab.8.right.1200.0.1200.1920" width="-18" height="345" />
    <size key="GridCell.Tab.8.bottom.1200.0.1200.1920" width="-18" height="345" />
    <size key="GridCell.Tab.9.left.1200.0.1200.1920" width="-18" height="345" />
    <size key="GridCell.Tab.9.center.1200.0.1200.1920" width="-18" height="345" />
    <size key="GridCell.Tab.9.right.1200.0.1200.1920" width="-18" height="345" />
    <size key="GridCell.Tab.9.bottom.1200.0.1200.1920" width="-18" height="345" />
    <size key="GridCell.Tab.10.left.1200.0.1200.1920" width="-18" height="345" />
    <size key="GridCell.Tab.10.center.1200.0.1200.1920" width="-18" height="345" />
    <size key="GridCell.Tab.10.right.1200.0.1200.1920" width="-18" height="345" />
    <size key="GridCell.Tab.10.bottom.1200.0.1200.1920" width="-18" height="345" />
    <size key="GridCell.Tab.11.left.1200.0.1200.1920" width="-18" height="345" />
    <size key="GridCell.Tab.11.center.1200.0.1200.1920" width="-18" height="345" />
    <size key="GridCell.Tab.11.right.1200.0.1200.1920" width="-18" height="345" />
    <size key="GridCell.Tab.11.bottom.1200.0.1200.1920" width="-18" height="345" />
    <size key="GridCell.Tab.12.left.1200.0.1200.1920" width="961" height="345" />
    <size key="GridCell.Tab.12.center.1200.0.1200.1920" width="961" height="345" />
    <size key="GridCell.Tab.12.right.1200.0.1200.1920" width="961" height="345" />
    <size key="GridCell.Tab.12.bottom.1200.0.1200.1920" width="961" height="345" />
    <size key="GridCell.Tab.8.left.0.0.1200.1920" width="1598" height="704" />
    <size key="GridCell.Tab.8.center.0.0.1200.1920" width="1598" height="704" />
    <size key="GridCell.Tab.8.right.0.0.1200.1920" width="1598" height="704" />
    <size key="GridCell.Tab.8.bottom.0.0.1200.1920" width="1598" height="704" />
    <size key="GridCell.Tab.9.left.0.0.1200.1920" width="1598" height="704" />
    <size key="GridCell.Tab.9.center.0.0.1200.1920" width="1598" height="704" />
    <size key="GridCell.Tab.9.right.0.0.1200.1920" width="1598" height="704" />
    <size key="GridCell.Tab.9.bottom.0.0.1200.1920" width="1598" height="704" />
    <size key="GridCell.Tab.10.left.0.0.1200.1920" width="1598" height="704" />
    <size key="GridCell.Tab.10.center.0.0.1200.1920" width="1598" height="704" />
    <size key="GridCell.Tab.10.right.0.0.1200.1920" width="1598" height="704" />
    <size key="GridCell.Tab.10.bottom.0.0.1200.1920" width="1598" height="704" />
    <size key="GridCell.Tab.11.left.0.0.1200.1920" width="1598" height="704" />
    <size key="GridCell.Tab.11.center.0.0.1200.1920" width="1598" height="704" />
    <size key="GridCell.Tab.11.right.0.0.1200.1920" width="1598" height="704" />
    <size key="GridCell.Tab.11.bottom.0.0.1200.1920" width="1598" height="704" />
    <size key="GridCell.Tab.12.left.0.0.1200.1920" width="1598" height="704" />
    <size key="GridCell.Tab.12.center.0.0.1200.1920" width="1598" height="704" />
    <size key="GridCell.Tab.12.right.0.0.1200.1920" width="1598" height="704" />
    <size key="GridCell.Tab.12.bottom.0.0.1200.1920" width="1598" height="704" />
    <size key="GridCell.Tab.0.left.0.0.3840.2400@168dpi" width="3196" height="651" />
    <size key="GridCell.Tab.0.center.0.0.3840.2400@168dpi" width="3196" height="651" />
    <size key="GridCell.Tab.0.right.0.0.3840.2400@168dpi" width="3196" height="651" />
    <size key="GridCell.Tab.0.bottom.0.0.3840.2400@168dpi" width="3196" height="651" />
    <size key="GridCell.Tab.10.left.1200.0.1200.1920@120dpi" width="961" height="257" />
    <size key="GridCell.Tab.10.center.1200.0.1200.1920@120dpi" width="961" height="257" />
    <size key="GridCell.Tab.10.right.1200.0.1200.1920@120dpi" width="961" height="257" />
    <size key="GridCell.Tab.10.bottom.1200.0.1200.1920@120dpi" width="961" height="257" />
    <size key="GridCell.Tab.11.left.1200.0.1200.1920@120dpi" width="961" height="257" />
    <size key="GridCell.Tab.11.center.1200.0.1200.1920@120dpi" width="961" height="257" />
    <size key="GridCell.Tab.11.right.1200.0.1200.1920@120dpi" width="961" height="257" />
    <size key="GridCell.Tab.11.bottom.1200.0.1200.1920@120dpi" width="961" height="257" />
    <size key="GridCell.Tab.12.left.1200.0.1200.1920@120dpi" width="961" height="236" />
    <size key="GridCell.Tab.12.center.1200.0.1200.1920@120dpi" width="961" height="236" />
    <size key="GridCell.Tab.12.right.1200.0.1200.1920@120dpi" width="961" height="236" />
    <size key="GridCell.Tab.12.bottom.1200.0.1200.1920@120dpi" width="961" height="236" />
    <size key="GridCell.Tab.13.left.1200.0.1200.1920@120dpi" width="961" height="236" />
    <size key="GridCell.Tab.13.center.1200.0.1200.1920@120dpi" width="961" height="236" />
    <size key="GridCell.Tab.13.right.1200.0.1200.1920@120dpi" width="961" height="236" />
    <size key="GridCell.Tab.13.bottom.1200.0.1200.1920@120dpi" width="961" height="236" />
    <size key="GridCell.Tab.14.left.1200.0.1200.1920@120dpi" width="961" height="236" />
    <size key="GridCell.Tab.14.center.1200.0.1200.1920@120dpi" width="961" height="236" />
    <size key="GridCell.Tab.14.right.1200.0.1200.1920@120dpi" width="961" height="236" />
    <size key="GridCell.Tab.14.bottom.1200.0.1200.1920@120dpi" width="961" height="236" />
    <size key="GridCell.Tab.15.left.1200.0.1200.1920@120dpi" width="961" height="306" />
    <size key="GridCell.Tab.15.center.1200.0.1200.1920@120dpi" width="961" height="306" />
    <size key="GridCell.Tab.15.right.1200.0.1200.1920@120dpi" width="961" height="306" />
    <size key="GridCell.Tab.15.bottom.1200.0.1200.1920@120dpi" width="961" height="306" />
    <size key="GridCell.Tab.16.left.1200.0.1200.1920@120dpi" width="961" height="306" />
    <size key="GridCell.Tab.16.center.1200.0.1200.1920@120dpi" width="961" height="306" />
    <size key="GridCell.Tab.16.right.1200.0.1200.1920@120dpi" width="961" height="306" />
    <size key="GridCell.Tab.16.bottom.1200.0.1200.1920@120dpi" width="961" height="306" />
    <size key="GridCell.Tab.3.left.0.0.1200.1920@120dpi" width="-24" height="484" />
    <size key="GridCell.Tab.3.center.0.0.1200.1920@120dpi" width="-24" height="484" />
    <size key="GridCell.Tab.3.right.0.0.1200.1920@120dpi" width="-24" height="484" />
    <size key="GridCell.Tab.3.bottom.0.0.1200.1920@120dpi" width="-24" height="484" />
    <size key="GridCell.Tab.4.left.0.0.1200.1920@120dpi" width="-24" height="484" />
    <size key="GridCell.Tab.4.center.0.0.1200.1920@120dpi" width="-24" height="484" />
    <size key="GridCell.Tab.4.right.0.0.1200.1920@120dpi" width="-24" height="484" />
    <size key="GridCell.Tab.4.bottom.0.0.1200.1920@120dpi" width="-24" height="484" />
    <size key="GridCell.Tab.12.left.0.0.1200.1920@120dpi" width="782" height="568" />
    <size key="GridCell.Tab.12.center.0.0.1200.1920@120dpi" width="782" height="568" />
    <size key="GridCell.Tab.12.right.0.0.1200.1920@120dpi" width="782" height="568" />
    <size key="GridCell.Tab.12.bottom.0.0.1200.1920@120dpi" width="782" height="568" />
    <size key="GridCell.Tab.13.left.0.0.1200.1920@120dpi" width="782" height="568" />
    <size key="GridCell.Tab.13.center.0.0.1200.1920@120dpi" width="782" height="568" />
    <size key="GridCell.Tab.13.right.0.0.1200.1920@120dpi" width="782" height="568" />
    <size key="GridCell.Tab.13.bottom.0.0.1200.1920@120dpi" width="782" height="568" />
    <size key="GridCell.Tab.14.left.0.0.1200.1920@120dpi" width="782" height="568" />
    <size key="GridCell.Tab.14.center.0.0.1200.1920@120dpi" width="782" height="568" />
    <size key="GridCell.Tab.14.right.0.0.1200.1920@120dpi" width="782" height="568" />
    <size key="GridCell.Tab.14.bottom.0.0.1200.1920@120dpi" width="782" height="568" />
    <size key="GridCell.Tab.15.left.0.0.1200.1920@120dpi" width="782" height="568" />
    <size key="GridCell.Tab.15.center.0.0.1200.1920@120dpi" width="782" height="568" />
    <size key="GridCell.Tab.15.right.0.0.1200.1920@120dpi" width="782" height="568" />
    <size key="GridCell.Tab.15.bottom.0.0.1200.1920@120dpi" width="782" height="568" />
    <size key="GridCell.Tab.16.left.0.0.1200.1920@120dpi" width="782" height="568" />
    <size key="GridCell.Tab.16.center.0.0.1200.1920@120dpi" width="782" height="568" />
    <size key="GridCell.Tab.16.right.0.0.1200.1920@120dpi" width="782" height="568" />
    <size key="GridCell.Tab.16.bottom.0.0.1200.1920@120dpi" width="782" height="568" />
    <size key="GridCell.Tab.17.left.0.0.1200.1920@120dpi" width="782" height="568" />
    <size key="GridCell.Tab.17.center.0.0.1200.1920@120dpi" width="782" height="568" />
    <size key="GridCell.Tab.17.right.0.0.1200.1920@120dpi" width="782" height="568" />
    <size key="GridCell.Tab.17.bottom.0.0.1200.1920@120dpi" width="782" height="568" />
    <size key="GridCell.Tab.18.left.0.0.1200.1920@120dpi" width="782" height="568" />
    <size key="GridCell.Tab.18.center.0.0.1200.1920@120dpi" width="782" height="568" />
    <size key="GridCell.Tab.18.right.0.0.1200.1920@120dpi" width="782" height="568" />
    <size key="GridCell.Tab.18.bottom.0.0.1200.1920@120dpi" width="782" height="568" />
    <size key="GridCell.Tab.19.left.0.0.1200.1920@120dpi" width="782" height="568" />
    <size key="GridCell.Tab.19.center.0.0.1200.1920@120dpi" width="782" height="568" />
    <size key="GridCell.Tab.19.right.0.0.1200.1920@120dpi" width="782" height="568" />
    <size key="GridCell.Tab.19.bottom.0.0.1200.1920@120dpi" width="782" height="568" />
    <size key="GridCell.Tab.21.left.0.0.3840.1600@120dpi" width="897" height="458" />
    <size key="GridCell.Tab.21.center.0.0.3840.1600@120dpi" width="897" height="458" />
    <size key="GridCell.Tab.21.right.0.0.3840.1600@120dpi" width="897" height="458" />
    <size key="GridCell.Tab.21.bottom.0.0.3840.1600@120dpi" width="897" height="458" />
    <size key="GridCell.Tab.22.left.0.0.3840.1600@120dpi" width="897" height="458" />
    <size key="GridCell.Tab.22.center.0.0.3840.1600@120dpi" width="897" height="458" />
    <size key="GridCell.Tab.22.right.0.0.3840.1600@120dpi" width="897" height="458" />
    <size key="GridCell.Tab.22.bottom.0.0.3840.1600@120dpi" width="897" height="458" />
    <size key="GridCell.Tab.23.left.0.0.3840.1600@120dpi" width="897" height="458" />
    <size key="GridCell.Tab.23.center.0.0.3840.1600@120dpi" width="897" height="458" />
    <size key="GridCell.Tab.23.right.0.0.3840.1600@120dpi" width="897" height="458" />
    <size key="GridCell.Tab.23.bottom.0.0.3840.1600@120dpi" width="897" height="458" />
    <size key="GridCell.Tab.24.left.0.0.3840.1600@120dpi" width="897" height="458" />
    <size key="GridCell.Tab.24.center.0.0.3840.1600@120dpi" width="897" height="458" />
    <size key="GridCell.Tab.24.right.0.0.3840.1600@120dpi" width="897" height="458" />
    <size key="GridCell.Tab.24.bottom.0.0.3840.1600@120dpi" width="897" height="458" />
    <size key="GridCell.Tab.25.left.0.0.3840.1600@120dpi" width="897" height="305" />
    <size key="GridCell.Tab.25.center.0.0.3840.1600@120dpi" width="897" height="305" />
    <size key="GridCell.Tab.25.right.0.0.3840.1600@120dpi" width="897" height="305" />
    <size key="GridCell.Tab.25.bottom.0.0.3840.1600@120dpi" width="897" height="305" />
    <size key="GridCell.Tab.26.left.0.0.3840.1600@120dpi" width="897" height="305" />
    <size key="GridCell.Tab.26.center.0.0.3840.1600@120dpi" width="897" height="305" />
    <size key="GridCell.Tab.26.right.0.0.3840.1600@120dpi" width="897" height="305" />
    <size key="GridCell.Tab.26.bottom.0.0.3840.1600@120dpi" width="897" height="305" />
    <size key="GridCell.Tab.27.left.0.0.3840.1600@120dpi" width="897" height="305" />
    <size key="GridCell.Tab.27.center.0.0.3840.1600@120dpi" width="897" height="305" />
    <size key="GridCell.Tab.27.right.0.0.3840.1600@120dpi" width="897" height="305" />
    <size key="GridCell.Tab.27.bottom.0.0.3840.1600@120dpi" width="897" height="305" />
    <size key="GridCell.Tab.28.left.0.0.3840.1600@120dpi" width="897" height="305" />
    <size key="GridCell.Tab.28.center.0.0.3840.1600@120dpi" width="897" height="305" />
    <size key="GridCell.Tab.28.right.0.0.3840.1600@120dpi" width="897" height="305" />
    <size key="GridCell.Tab.28.bottom.0.0.3840.1600@120dpi" width="897" height="305" />
    <size key="GridCell.Tab.11.left.0.0.3840.1600@120dpi" width="-24" height="482" />
    <size key="GridCell.Tab.11.center.0.0.3840.1600@120dpi" width="-24" height="482" />
    <size key="GridCell.Tab.11.right.0.0.3840.1600@120dpi" width="-24" height="482" />
    <size key="GridCell.Tab.11.bottom.0.0.3840.1600@120dpi" width="-24" height="482" />
    <size key="GridCell.Tab.30.left.0.0.3840.1600@120dpi" width="918" height="305" />
    <size key="GridCell.Tab.30.center.0.0.3840.1600@120dpi" width="918" height="305" />
    <size key="GridCell.Tab.30.right.0.0.3840.1600@120dpi" width="918" height="305" />
    <size key="GridCell.Tab.30.bottom.0.0.3840.1600@120dpi" width="918" height="305" />
    <size key="GridCell.Tab.31.left.0.0.3840.1600@120dpi" width="918" height="305" />
    <size key="GridCell.Tab.31.center.0.0.3840.1600@120dpi" width="918" height="305" />
    <size key="GridCell.Tab.31.right.0.0.3840.1600@120dpi" width="918" height="305" />
    <size key="GridCell.Tab.31.bottom.0.0.3840.1600@120dpi" width="918" height="305" />
    <size key="GridCell.Tab.32.left.0.0.3840.1600@120dpi" width="918" height="305" />
    <size key="GridCell.Tab.32.center.0.0.3840.1600@120dpi" width="918" height="305" />
    <size key="GridCell.Tab.32.right.0.0.3840.1600@120dpi" width="918" height="305" />
    <size key="GridCell.Tab.32.bottom.0.0.3840.1600@120dpi" width="918" height="305" />
    <size key="GridCell.Tab.33.left.1200.0.1200.1920@120dpi" width="1157" height="278" />
    <size key="GridCell.Tab.33.center.1200.0.1200.1920@120dpi" width="1157" height="278" />
    <size key="GridCell.Tab.33.right.1200.0.1200.1920@120dpi" width="1157" height="278" />
    <size key="GridCell.Tab.33.bottom.1200.0.1200.1920@120dpi" width="1157" height="278" />
    <size key="GridCell.Tab.34.left.1200.0.1200.1920@120dpi" width="1157" height="278" />
    <size key="GridCell.Tab.34.center.1200.0.1200.1920@120dpi" width="1157" height="278" />
    <size key="GridCell.Tab.34.right.1200.0.1200.1920@120dpi" width="1157" height="278" />
    <size key="GridCell.Tab.34.bottom.1200.0.1200.1920@120dpi" width="1157" height="278" />
    <size key="GridCell.Tab.35.left.1200.0.1200.1920@120dpi" width="1157" height="278" />
    <size key="GridCell.Tab.35.center.1200.0.1200.1920@120dpi" width="1157" height="278" />
    <size key="GridCell.Tab.35.right.1200.0.1200.1920@120dpi" width="1157" height="278" />
    <size key="GridCell.Tab.35.bottom.1200.0.1200.1920@120dpi" width="1157" height="278" />
    <size key="GridCell.Tab.36.left.1200.0.1200.1920@120dpi" width="1157" height="278" />
    <size key="GridCell.Tab.36.center.1200.0.1200.1920@120dpi" width="1157" height="278" />
    <size key="GridCell.Tab.36.right.1200.0.1200.1920@120dpi" width="1157" height="278" />
    <size key="GridCell.Tab.36.bottom.1200.0.1200.1920@120dpi" width="1157" height="278" />
    <size key="GridCell.Tab.38.left.0.0.1200.1920@120dpi" width="1122" height="363" />
    <size key="GridCell.Tab.38.center.0.0.1200.1920@120dpi" width="1122" height="363" />
    <size key="GridCell.Tab.38.right.0.0.1200.1920@120dpi" width="1122" height="363" />
    <size key="GridCell.Tab.38.bottom.0.0.1200.1920@120dpi" width="1122" height="363" />
    <size key="GridCell.Tab.39.left.0.0.1200.1920@120dpi" width="1122" height="363" />
    <size key="GridCell.Tab.39.center.0.0.1200.1920@120dpi" width="1122" height="363" />
    <size key="GridCell.Tab.39.right.0.0.1200.1920@120dpi" width="1122" height="363" />
    <size key="GridCell.Tab.39.bottom.0.0.1200.1920@120dpi" width="1122" height="363" />
    <size key="GridCell.Tab.41.left.0.0.1200.1920@120dpi" width="1122" height="363" />
    <size key="GridCell.Tab.41.center.0.0.1200.1920@120dpi" width="1122" height="363" />
    <size key="GridCell.Tab.41.right.0.0.1200.1920@120dpi" width="1122" height="363" />
    <size key="GridCell.Tab.41.bottom.0.0.1200.1920@120dpi" width="1122" height="363" />
    <size key="GridCell.Tab.42.left.0.0.1200.1920@120dpi" width="1122" height="397" />
    <size key="GridCell.Tab.42.center.0.0.1200.1920@120dpi" width="1122" height="397" />
    <size key="GridCell.Tab.42.right.0.0.1200.1920@120dpi" width="1122" height="397" />
    <size key="GridCell.Tab.42.bottom.0.0.1200.1920@120dpi" width="1122" height="397" />
    <size key="GridCell.Tab.43.left.0.0.1200.1920@120dpi" width="1122" height="397" />
    <size key="GridCell.Tab.43.center.0.0.1200.1920@120dpi" width="1122" height="397" />
    <size key="GridCell.Tab.43.right.0.0.1200.1920@120dpi" width="1122" height="397" />
    <size key="GridCell.Tab.43.bottom.0.0.1200.1920@120dpi" width="1122" height="397" />
    <size key="GridCell.Tab.41.left.0.0.3840.1600@120dpi" width="647" height="467" />
    <size key="GridCell.Tab.41.center.0.0.3840.1600@120dpi" width="647" height="467" />
    <size key="GridCell.Tab.41.right.0.0.3840.1600@120dpi" width="647" height="467" />
    <size key="GridCell.Tab.41.bottom.0.0.3840.1600@120dpi" width="647" height="467" />
    <size key="GridCell.Tab.42.left.0.0.3840.1600@120dpi" width="647" height="467" />
    <size key="GridCell.Tab.42.center.0.0.3840.1600@120dpi" width="647" height="467" />
    <size key="GridCell.Tab.42.right.0.0.3840.1600@120dpi" width="647" height="467" />
    <size key="GridCell.Tab.42.bottom.0.0.3840.1600@120dpi" width="647" height="467" />
    <size key="GridCell.Tab.43.left.0.0.3840.1600@120dpi" width="647" height="467" />
    <size key="GridCell.Tab.43.center.0.0.3840.1600@120dpi" width="647" height="467" />
    <size key="GridCell.Tab.43.right.0.0.3840.1600@120dpi" width="647" height="467" />
    <size key="GridCell.Tab.43.bottom.0.0.3840.1600@120dpi" width="647" height="467" />
    <size key="GridCell.Tab.44.left.0.0.3840.1600@120dpi" width="1115" height="328" />
    <size key="GridCell.Tab.44.center.0.0.3840.1600@120dpi" width="1115" height="328" />
    <size key="GridCell.Tab.44.right.0.0.3840.1600@120dpi" width="1115" height="328" />
    <size key="GridCell.Tab.44.bottom.0.0.3840.1600@120dpi" width="1115" height="328" />
    <size key="GridCell.Tab.45.left.0.0.3840.1600@120dpi" width="1115" height="328" />
    <size key="GridCell.Tab.45.center.0.0.3840.1600@120dpi" width="1115" height="328" />
    <size key="GridCell.Tab.45.right.0.0.3840.1600@120dpi" width="1115" height="328" />
    <size key="GridCell.Tab.45.bottom.0.0.3840.1600@120dpi" width="1115" height="328" />
    <size key="GridCell.Tab.46.left.0.0.3840.1600@120dpi" width="1115" height="328" />
    <size key="GridCell.Tab.46.center.0.0.3840.1600@120dpi" width="1115" height="328" />
    <size key="GridCell.Tab.46.right.0.0.3840.1600@120dpi" width="1115" height="328" />
    <size key="GridCell.Tab.46.bottom.0.0.3840.1600@120dpi" width="1115" height="328" />
    <size key="GridCell.Tab.47.left.0.0.3840.1600@120dpi" width="1115" height="328" />
    <size key="GridCell.Tab.47.center.0.0.3840.1600@120dpi" width="1115" height="328" />
    <size key="GridCell.Tab.47.right.0.0.3840.1600@120dpi" width="1115" height="328" />
    <size key="GridCell.Tab.47.bottom.0.0.3840.1600@120dpi" width="1115" height="328" />
    <size key="GridCell.Tab.5.left.0.0.1200.1920@120dpi" width="-24" height="484" />
    <size key="GridCell.Tab.5.center.0.0.1200.1920@120dpi" width="-24" height="484" />
    <size key="GridCell.Tab.5.right.0.0.1200.1920@120dpi" width="-24" height="484" />
    <size key="GridCell.Tab.5.bottom.0.0.1200.1920@120dpi" width="-24" height="484" />
    <size key="GridCell.Tab.0.left.0.0.3840.2400@300dpi" width="1818" height="303" />
    <size key="GridCell.Tab.0.center.0.0.3840.2400@300dpi" width="1818" height="303" />
    <size key="GridCell.Tab.0.right.0.0.3840.2400@300dpi" width="1818" height="303" />
    <size key="GridCell.Tab.0.bottom.0.0.3840.2400@300dpi" width="1818" height="303" />
    <size key="GridCell.Tab.12.left.0.0.3840.1600@120dpi" width="-24" height="482" />
    <size key="GridCell.Tab.12.center.0.0.3840.1600@120dpi" width="-24" height="482" />
    <size key="GridCell.Tab.12.right.0.0.3840.1600@120dpi" width="-24" height="482" />
    <size key="GridCell.Tab.12.bottom.0.0.3840.1600@120dpi" width="-24" height="482" />
    <size key="GridCell.Tab.13.left.0.0.3840.1600@120dpi" width="-24" height="482" />
    <size key="GridCell.Tab.13.center.0.0.3840.1600@120dpi" width="-24" height="482" />
    <size key="GridCell.Tab.13.right.0.0.3840.1600@120dpi" width="-24" height="482" />
    <size key="GridCell.Tab.13.bottom.0.0.3840.1600@120dpi" width="-24" height="482" />
    <size key="GridCell.Tab.14.left.0.0.3840.1600@120dpi" width="-24" height="482" />
    <size key="GridCell.Tab.14.center.0.0.3840.1600@120dpi" width="-24" height="482" />
    <size key="GridCell.Tab.14.right.0.0.3840.1600@120dpi" width="-24" height="482" />
    <size key="GridCell.Tab.14.bottom.0.0.3840.1600@120dpi" width="-24" height="482" />
    <size key="GridCell.Tab.15.left.0.0.3840.1600@120dpi" width="-24" height="482" />
    <size key="GridCell.Tab.15.center.0.0.3840.1600@120dpi" width="-24" height="482" />
    <size key="GridCell.Tab.15.right.0.0.3840.1600@120dpi" width="-24" height="482" />
    <size key="GridCell.Tab.15.bottom.0.0.3840.1600@120dpi" width="-24" height="482" />
    <size key="GridCell.Tab.16.left.0.0.3840.1600@120dpi" width="-24" height="482" />
    <size key="GridCell.Tab.16.center.0.0.3840.1600@120dpi" width="-24" height="482" />
    <size key="GridCell.Tab.16.right.0.0.3840.1600@120dpi" width="-24" height="482" />
    <size key="GridCell.Tab.16.bottom.0.0.3840.1600@120dpi" width="-24" height="482" />
    <size key="GridCell.Tab.17.left.0.0.3840.1600@120dpi" width="-24" height="482" />
    <size key="GridCell.Tab.17.center.0.0.3840.1600@120dpi" width="-24" height="482" />
    <size key="GridCell.Tab.17.right.0.0.3840.1600@120dpi" width="-24" height="482" />
    <size key="GridCell.Tab.17.bottom.0.0.3840.1600@120dpi" width="-24" height="482" />
    <size key="GridCell.Tab.18.left.0.0.3840.1600@120dpi" width="-24" height="482" />
    <size key="GridCell.Tab.18.center.0.0.3840.1600@120dpi" width="-24" height="482" />
    <size key="GridCell.Tab.18.right.0.0.3840.1600@120dpi" width="-24" height="482" />
    <size key="GridCell.Tab.18.bottom.0.0.3840.1600@120dpi" width="-24" height="482" />
    <size key="GridCell.Tab.19.left.0.0.3840.1600@120dpi" width="-24" height="482" />
    <size key="GridCell.Tab.19.center.0.0.3840.1600@120dpi" width="-24" height="482" />
    <size key="GridCell.Tab.19.right.0.0.3840.1600@120dpi" width="-24" height="482" />
    <size key="GridCell.Tab.19.bottom.0.0.3840.1600@120dpi" width="-24" height="482" />
    <size key="GridCell.Tab.20.left.0.0.3840.1600@120dpi" width="841" height="482" />
    <size key="GridCell.Tab.20.center.0.0.3840.1600@120dpi" width="841" height="482" />
    <size key="GridCell.Tab.20.right.0.0.3840.1600@120dpi" width="841" height="482" />
    <size key="GridCell.Tab.20.bottom.0.0.3840.1600@120dpi" width="841" height="482" />
    <size key="GridCell.Tab.44.left.1200.0.1200.1920@120dpi" width="714" height="383" />
    <size key="GridCell.Tab.44.center.1200.0.1200.1920@120dpi" width="714" height="383" />
    <size key="GridCell.Tab.44.right.1200.0.1200.1920@120dpi" width="714" height="383" />
    <size key="GridCell.Tab.44.bottom.1200.0.1200.1920@120dpi" width="714" height="383" />
    <size key="GridCell.Tab.6.left.0.0.1200.1920@120dpi" width="-24" height="484" />
    <size key="GridCell.Tab.6.center.0.0.1200.1920@120dpi" width="-24" height="484" />
    <size key="GridCell.Tab.6.right.0.0.1200.1920@120dpi" width="-24" height="484" />
    <size key="GridCell.Tab.6.bottom.0.0.1200.1920@120dpi" width="-24" height="484" />
    <size key="GridCell.Tab.7.left.0.0.1200.1920@120dpi" width="-24" height="484" />
    <size key="GridCell.Tab.7.center.0.0.1200.1920@120dpi" width="-24" height="484" />
    <size key="GridCell.Tab.7.right.0.0.1200.1920@120dpi" width="-24" height="484" />
    <size key="GridCell.Tab.7.bottom.0.0.1200.1920@120dpi" width="-24" height="484" />
    <size key="GridCell.Tab.8.left.0.0.1200.1920@120dpi" width="-24" height="484" />
    <size key="GridCell.Tab.8.center.0.0.1200.1920@120dpi" width="-24" height="484" />
    <size key="GridCell.Tab.8.right.0.0.1200.1920@120dpi" width="-24" height="484" />
    <size key="GridCell.Tab.8.bottom.0.0.1200.1920@120dpi" width="-24" height="484" />
    <size key="javadoc.popup.new.0.0.1200.1920@120dpi" width="2277" height="929" />
  </component>
  <component name="WindowManager">
    <frame x="1254" y="101" width="2202" height="1460" />
  </component>
  <component name="WindowStateApplicationService">
    <state x="1448" y="755" key="APPLICATION_WIDE_STORE_#rider.projectView.actions.properties.EditPropertiesDialogFile" timestamp="1723527326479">
      <screen x="1200" y="0" width="1200" height="1872" />
    </state>
    <state x="1448" y="755" key="APPLICATION_WIDE_STORE_#rider.projectView.actions.properties.EditPropertiesDialogFile/0.0.1200.1872/1200.0.1200.1872" timestamp="1723527326479" />
    <state width="919" height="256" key="ShowUsagesActions.dimensionServiceKey" timestamp="1731302990986">
      <screen x="0" y="0" width="3840" height="1552" />
    </state>
    <state width="787" height="564" key="ShowUsagesActions.dimensionServiceKey/0.0.1200.1872/1200.0.1200.1872" timestamp="1729051651878" />
    <state width="919" height="256" key="ShowUsagesActions.dimensionServiceKey/0.0.3840.1552" timestamp="1731302990986" />
    <state width="947" height="676" key="ShowUsagesActions.dimensionServiceKey/1200.0.1200.1872/0.0.1200.1872" timestamp="1727849239077" />
  </component>
</application>